sentence,label
ጊዜው ይፈትናል አንድ ቀን  ደስታ አንድ ቀን  መከፋት ግን ሁሉም ያልፋል ጥሩ ጊዜ ይመጣል ብዬ አስባለሁ  መልካም ቅዳሜ ይሁን,positive
ዛሬ ቅድስት ስላሴ ቤተክርስቲያን መከፈቱን ሰምቼ በጣም ደስ ብሎኛል የተዋህዶ ልጆች እንኳን ደስ አላችሁ  ስለፊልሙ ካየሁት በኋላ እመለሳለሁ,neutral
ሙሉውን ልየውና ከች እላለሁ እናተ ግን አይታችሁ ሳጨርሱ አትኮምቱ ተው ግንንን,neutral
በየምነታችሁ ፀልዩልይ  ሰራ የለኝም ጭንቅ ብሎኛ  የሠው ልጅ መጨረሻው ሲያምር ነውና እግዚአብሔር  መጨረሻችንን ያሳምረው  አሜን,neutral
ኮረና ጠፋ ሲባል መስማት የናፈቀዉ,neutral
የሀገር  ልጆች  አረ የት  ናቸው  አድስ ፊልም  ተለቆል አብረን  እንይ  ያለ እንተ ምኖም አይምርም  የት  ናችው  ስወዳችሁ እኮ,positive
መገን ወር ሞላብኝ እኮ ይን ፊልም ለመጨረስ,negative
ውጪዎች ቢሰሩት የሚገርም ኤሮቲክ ይወጣዋል,positive
እናንት የፊልም ሰሪዋች ብዙ ፊልም ላይ ምግብ ቀርቦ ወይ ስትበሉ ስርአት የላችሁ ለምሳሌ ይህ ፊልም ምግብ ቀርቦ ሲነጋገሩ  ስላልተግባቡ ሊጎረስ የተጠቀለለውን መወርወር ይህ አሁን ምን ያስተምር እንዲህ በመሆኑ የሚደሰት እለ  ፊልም እያስተማረ እንዲያልፍ ነው ግን ደግሞ ስርአትንም ማስተማር ያስፈልጋል ዛሬ የወረወርሽው ምግብ ነገ ይቸግራል ያ ቀን ሳይመጣ ትንሽም ቢሆን ስርአትን ተለማመጂ ገና ወጣት ነሽ ብዙ ነገር ይጠብቅሻል  ከዚሁ ተማሪ ስርአት ይጠቅማል እንጂ አይጎዳም,negative
አሪፍ ፊልም ነው  Thank you I enjoyed it,positive
አማርኛ ፊልም ርዕሱ ተመሳሳይ ፡የቤት ልጅ የጎረቤት ልጅ፡ የሰፈሬ ልጅ፡ የሴት ልጅ፡ የሴም ልጅ፣ የልጅ ልጅ ፣ የአክስት ልጅ ፡  ሰውየው ፡ሴትየዋ ፣ሹገር ማሚ ፣ሹገር ዳዲ እያለ ይቀጥላል,negative
ቅድስ ገብኤል የልባችን መሻት ይፈጽምልን ከዚህ በሽታ ይስውርን አሪፍ ፌልም ነው እዩት,positive
ለመላው። የኢትዩጵያና የአለም ህዝብ ሰላም ያውርድልን መደሀኒለም ሆይ።  ማርን ይቅር በለን ወገኖቻችንን። ማርልን እኛንም። ክመከራ ስጋ ክመክራ ነፍስ ጠብቀን አሜን, neutral 
እስቲ ጩባውን አይቶ ፊልሙን የከፈተ, neutral 
እረ ወገን እኔ መዳም እራሷ ኮሮና ሆነችብኝ እኮ ,negative 
እኔ ጩባውን ስላየሁ ብቻ ከፈትኩት እኔም የምትሉ ግጩኝ ከመዳም ኩሽና ያጋጫችሁና ወዳችዋሎ, neutral 
ሰላም ሰላም የሀገሬ  ልጆች  በስደትም በሀገር ቤትም ያላችሁ   እግዚአብሔር ይጠብቀን ሀገራችንን ሰላም ያርግልን, neutral 
እኔ መቸም ሚሊዎን ብርሀኔን አይቸ ማለፍ ግፍ ይሆንብኛል በጣም ነዉ እምወደዉ በተለይ ዘጠነኛዉ ሽ ላይ የሳቄ ምንጭ እሱ ነዉ እኮ እህህ ኮሜንት አይቸ እመለስ አለሁኚ, neutral 
የልጁ ድምፅ ዋው ነው ኧረ ተጠቀምበት ጓዳ ለጓዳ አታርመጥምጠው አሪፍ ድምፅ አለህ በኮምፒውተር ያልታገዘ ያልተበረዘ የእግዚአብሔር ድንቅ ስጦታ ከቻልክ በዝማሬ ፈጣሪህን አመስግንበት,positive 
ወይኔ ሸሚዙ ግን ፍረደበት እየተቀያየራችሁ የምር ያበደነው አቤት ጩቤቲ, neutral 
ጩባው እንደ እኔ የሚያስቀው ግጩኝ።, neutral 
ጩቢቲ ከባድ ድምፃዊ መቶብሻል ቮካል ስሪ,positive
በጣም ደስ ይላል ትንሽ ቅር ያለኝ ዘፋኙ ሲዘፍን ቢታይ ጥሩ ነበር ። የሃና እህት ባልሳሳት ዘመን ላይ የደሞዜ ሚስት ሆና የሰራችው ናት አይደል ,positive 
በጣም ሀሪፍ ድምፅ ነው ግን ያለው,positive 
አይ ሐኒ ይህ እውነት ነው ::ስትስቂ. ስትተክጅ. ቁም ነገር. ስትሆኝ ውብ ቆንጆ ብቻ አይገልጽሽም እንዳልሽው ስውን ላለማስቀየም ትጨነቂ አለሽ ጥሩ ነው አየሽ አንችም ስው, neutral 
ምናለ ጩባው ጉረቤቴ ቢሆን ሁሌ ቀልድ እንድጠግብ,positive 
ሪፍ ነው ምንም አይልም በማየቴ አልተቆጨሁም እዮት እስቲ አፍ አውጥቼ ያቺን ነገር ልለምን በሰ የምትጀምረዋን ነገር ኮሜንት ልታነቡ መምጣታችሁ ስለማይቀር እያደረጋችሁኝ እለፉ በኮሮና ሞት ይሁንባችሁ,positive 
ምርጥ ፊልም ይመስላል እስኪ ኋላ አይቼ አስተያየት እሰጣለሁ ቻናሌን ግን, neutral 
እናመሠግናለን ሚሊዮን ቀውጢ ነህ ,positive 
የራስህ ድምፅ ከሆነ ግን .... ባህሩ ቀኜ አልሞተም ,positive
ፈጣሪ ከዝህ በሽታ ይጠብቃችሁ ከቤት አትውጡ በዛውም  ስብስክራይ አድርጉኝ አዲሱ የቻናል ነው አፍጥኑት, neutral 
ውይ ደስ ሲል ጓደኝነት ማለት እደዚህነው ጓደኞቹ ደስ ሲሉ በተለይ ጭውቴ,positive
ዛሬ እመቤቴ ቅድሰት ድንግል ማርያም ነች ቢሆንልን በለን ያሰብንውን  ሁሉ የልባችንን መሻት ትፈፀምልን አሜን, neutral 
ጩባው ውስጤ ነህ የኔ አደኛ ሚሊዬ, neutral 
የራስህ ድምፅ ከሆነ ግን .... ባህሩ ቀኜ አልሞተም ,positive 
እኔምለው ለፊልሙ አስተያየት መስጠት ትታቹ ላይክ ላይክ ምትሉት ግን ምንድነው የምታገኙት ጥቅም, neutral
ኢትዮ ውሥጥ በጣም ብዙ  የታረክ በታ እያለን የሚሠሩት ፊልሞች ሁሁ መጠጥ ቤት  ጭፈራ ቤት ሺሻ ቤት ቁማር  ሢጋራ  ከተማ ለከተማ እንደ እብድ ውሻ እየሄዱ ከከተማ ሣይወጡ ይበጫበጫሉ,negative 
በጣም አሪፍ ስራ ነው በርቱ ወገኖቼ ሰላም ፍቅር ጤና ለወገኔ ይሁን እወዳችሗለሁ ምርጥ ተዋናይ ናችሁ ታምራላችሁ,positive
ሴት መጥፎ፣ ወንድ ጀዝባ ነዉ ከማለት ሌላ ድርሰት አታቁም,negative 
ቀሽት ፊልም ነፀብራቆች ይቻማችሁ፡ ደሬ ግን ከምር ዘፋኝ ነው? አሪፍ ድምጽ አለው,positive 
አማኑኤል ያለበት ፊልም ሁሉ ይመቸኛል እስኪ እንደኔ እድናቂዎቹ የት ናችሁ,positive 
በጣም ደስ የሚል አንጀት አርስ ፊልም ነው እስቲ ከዚህ ፊልም ተማሩና አሳምራችሁ ስሩ,positive 
እንደ ዛሬ የኢትዮ ፊልም አስደስቶኝ አያውቅም,positive 
ኢትዮጵያ ለዘላለም ትኑር,positive 
እንዲህ አይነት ፊልም አይቼ አላውቅም, neutral 
ብላችሁ ታምኑኛላችሁ የማያስቅ የማስለቅስ ኮስተር ያለ ፊልም wow አቦ ይመቻችሁ ,positive 
አማኑኤል አንደኛዬ እኮ ነህ በምን ቃል ልግለፅህ,positive 
ያምራል በጣም ያላያቹህ እዩት,positive 
በጣም ከፍቶኝ እንቅልፍ እምቢ ባለኝ ሠአት ሥለመጣችሁ ዴሥ ብሎኛል, neutral 
አሪፍ ፊልም ነው እስቲ የተመቸው  ላይክ ይግጨኝ, neutral 
የሶደሬ ማስታወቅያ ናፍቀሽም ነበር ግን እኮ አሁን አረፍ ብትይ መልካም አሸን ኮረና, neutral 
ኤርሜያስ ታደሰ እውነት ትችላለህ አሪፍ እይታ ነው በር ታ ብዙ እጥብቃለን በዚህ አጋጣሚ ማሪያምዬን ስላየሁኝ ደስ አለኝ  ፈጣሪ ለአገሬ ያብቃኝ ደጀዋላይ እድቆም ያብቃኝ  አሪፍ ነው ,positive 
በኢትዮጵያ ፊልም በጣም የበሰለ ደራሲ ተዋናዮች የተጣመረበት ሚገርም ፊልም ይሄ 1ኛ ለኔ የጭንቅላት ብቃታችሁን ሳላደንቅ አላልፍም ለሌሎችም ምሳሌ ነው በሳል ፊልም ጎበዞች በርቱ,positive 
ኤጪ ማሰታወቃያዉ ይደብራል ኮረና ገብቶል እኮ የምትሉት ሁሉ መደረግ አይቺልም ጂሎቺ, neutral 
ያላያቹ እዩት አትቆጩበትም ኤርሚዬ በርታ አማንዬ የሰፈሬ የሩፋኤል ልጅ ትችላለክ ,positive 
ተሰርቆ ካዬነው እኮ ቆዬን አማንን ስለምወደው ብቻ አየዋለሁ ,positive 
አዲስ ፊልም መቷል ኑ እንሹፈው አሪፍ ይመሥላል,neutral 
1ኛ ብየዋለሁ ይሄንን ፊልም እናንተ ኮመንተሮች ግን ማዳምን መቦጨቅ ትታችሁ ስለ ፊልሙ አስታየት አሰጡም,positive 
ዋው   ኤርሚየ  በጣምነውደስየሚለው,positive 
ተለቀቀደ በጉጉትነበር    ስጠብቅየነበርው, neutral 
አማን ሰርተከዋል አይገልፀውም ቁጥር 2 ቢኖረው እንዴት እንደሚያምር ዋውውው በኢትዮጵያ ውስጥ ከተሰሩ ትንሽና ምርጥ ፊልሞች መካከል ውይ በምን ልግለፀው ኡፍፍፍፍ,positive 
ዋውውውው ይምጥብቀወ ፊልም ተለቀቀ ደሰ ይላል ውዳቺዬ የት ናችልኝ እንየወ አብረን, neutral 
ቁጭብለክ ኮምኩም ታድያ ፌልሙን ነው ሌላእዳይመስላችው ጀለስካወች, neutral 
እናመስግናለን አዳዴም ሲጨንቀን እደሀለ ነገር አይቶ ትንሽ ዘና እንበል, neutral 
ዋውውውው እንቅ ፊልም ነው የእውነት,positive 
አማንየ እኔን ግራ ግብት ያርገኝ ውይይይይ, neutral 
አሪፍነውምንምአይል, neutral 
አስተላለቁ ያስጠላል,negative 
ገራሚ ፊልም ነው ዋው,positive 
አድስ ነው ያምራል አብረን እንየው,neutral 
ፊልሙ አሪፍ ነበር አጨራረሱ ግን አልገባኝም ማለቴ ፓርት አለው ማለት ነው,positive 
ሰብሊዬ ነፍሥሽን በገነት ያውለው የኔ ማር አንች ያለሽበት ሁሉ ያምራል,positive
ሸዋፈራሁ  እድሜ  ይስጥህ  ሰብልየ ነብስሺን  ይማረዉ,positive 
ክክክክክክክክክክ ኬዝ ሳይኖራት አይቀርም ክክክክክክክ ሁሌም ምያዝናናኝ ፋልም ነው ምናለበት የአሁኖቹም እንደዝህ ኮሜድ ፍልም ብሰሩ,positive 
ክክክ ተመችቶኛል,positive 
ባየው የማይሰለቸኝ ድራማ ሰብልዬ ነፍስ ይማር,positive 
ያረፈደ አራዳ ያላየሁት እስካሁን የት አርፍጄ ነው ግን,positive 
ሀሀሀ ያኔ ምን አስበህ ነበር ይሄሁሉ ወንጀል ያደረከው  አሁንም ተጠንቀቅ,positive
ጫት እየቃመ ነው እንዴ የጻፈው ደራሲው,negative 
የማየው ባጣ ለ 3ኛ ግዜ አየሁት አይሰለችም ሁሌም አዲስ ነው,positive 
ማህደርየ በጣም ነው  የምወዲሽ,positive 
ነፃነት በሄርክበት ነፃነት አትጣ በሄርክበት በነፃ ተጠቀም ነፃ ውጣ,positive 
ወይ ነፂ ያንተን ፊልም ባየው ባየው የማልሰለቸው ፊልም ቢኖር ያንተ ብቻ ነው ገነት የምትገቡ ሁለት ሆናችሁ ትጋፋላችሁ ገራሚ ልጅ ነህ,positive 
ይሄ ሰዉየ ግን አንዳድ ፊልሞች ላይ ሲሰራ ጥርስ አለው እዚህ ደሞ የለውም,neutral 
ምንቹ ኩተት ናቸው,negative 
አይ መሀደር አሠፋ  እንዳዉ ሸይኪ  ምርጥ የጥበብሠዉ  አሣጣን,neutral 
አቡሽ እግዚሀብሄር አምላክ ያሳድግክ በእውነት ከዚበላይ እንደምትሠራ ተስፋ አለኝ በጣም ጎበዝ በርታ ጥሩ አርቲስት ነው የምትሆነው አድናቂክ ነኝ ዋው አብሽዬ እድግ በል,positive 
አስፈላጊ ቦታ ላይ ድምፅ አይሰማም በተረፈ በጣም ሀሪፍ ነው,positive 
የሚገርም ፊልም ነው የሚያስተምርና የሚያዝናና ነው እናመሰግናለን,neutral 
የኢትዮጵያ ፊልሙ  እያስጠላ እያስጠላመጣ  ወይ  ጊዜ,negative 
የኢትዮጵያ ፊልም ኢንደስትሪ ልክ እንደ ኢትዮጵያ እግር ኳስ ፊዴሪሽን ወደ ሃላ ነው የሚሄደው,negative 
እረ ወገን የሲኒማውን ኢንዱስትሪ እስከመቼ ነው እንደ ግመል ሽንት ወደሁዋላ የምንጎትተው? እዚህ ፊልም ላይ የተሳተፉ ደራሲ ዳይሬክተር ፕሮዳክሽን በጠቅላላ ለህዝቡ ያላችሁን ንቀት በዚህ ስራ እስከ ጥግ ስላሳያችሁን እናመሰግናለን,negative 
ሰዉ  የወደደዉን የሚያገኝዉ ፊልም ላይ ብቻ ነዉ ሲገርም,neutral 
ኤጭጭጭ ኧረ ተውን ተውን በአደባባይ ስለ ሴክስ ስታወሩ ሼም አይሆንባችሁም ደግሞም ህፃናት ቢያዩትስ በአዕምሯቸው ላይ ምን የሚቀረፅ ይመስላችኋል,negative 
 በእውነት በጣም ወረዳችሁ ተንሸራተታችሁ ዘቀጣችሁ   ኤጭ ,negative 
አረ በፈጣሪ ምን አይነት ነዉ ይደብራል,negative 
ምኑንም አልወደድሁት,negative 
ሶደሬዎች እደክፉ ባል አጨቅጭቁን የመዳም ዋይፋይ አለ ለምን ብዬ ልክፈል ለናቴ ብልክላት ስትመርቀኝ ምርቃቷ ይጠብቀኛል ደሞ ለሞላ ፊልም ልከፋል,neutral 
ያገሬ  ልጆች   አዲስ   ፊልም  ተለቆአል ኑ  ደግሞ  በቅንነት  ሰብስክራይብ    አዲርጉኝ,neutral 
እንደማስታወቂያው አደለም አይመስጥም,negative 
እዚህ ፊልም ላይ ያሉትን  በጣም ነው የምወዳቸው  ግን ማራናዊት ውስጤ ነች  ስወዳት,positive 
አሪፍ ትምህርት ሰጪ ፊልም ነው ከዚህ ሁሉ ነገር ግን ፈጣሪ ይጠብቀን,positive 
ይሔ ማንዴላ ሊፈነዳ የደረሰ ኳስ መሰለ የኢትዮጵያን ችግር በአጠገቡ የደረሰ አይመስልም  ግን ይህ ፊልም ነው ወይስ ጥቆማ ለማያቁ. ማስታወቂያ እየሰራችሁ ይመስላል በጣም ያሳዝናል እንዴት ትውልድ ይታነጽ,negative
እንደው ሴት አርቲስቶች ግን ይሄን የፈረስ ጭራ እንደልብስ ሆነኮ የሚለብሱት ጉድ ቲንሽ አይሸምማቸውም, neutral 
ቦሌ   እኮ   ሁለተኛው   የመቃብር   ስፍራነው   ደግሞ  ሲያስጠላ  ዝሙተኞች,negative 
ግን የቀበሌ ድራማ ይመስላል,negative 
ላቅመ ፊልሙ ማዬት አልደረስኩም  እንዴ   በቤርጎቤት ሊጨርሱት ነው ተው ልደግበት,neutral 
ኢትዮጵያውያን ጋር  ምኑም እማይሄድ  ፊልም  ነው  በጣም   ከሚባለው   በላይ  ያስጠላል,negative
በጣም ከሚያስጠላ ፍልም ነው ኢዮ አይደብራቹም ዘጊዎች ,negative 
ዞላ እባብ ይዘልዝልሽ ወይ ማንዴ,negative 
ኸረ ማንዴ ጂም የሚባል ነገር አለ ምንድነዉ እንዲ መከመር ራስክን ጠብቅ ስክሪፕት ምረጥ,negative 
ማንዴላ ግን ምን ነካህ?  ድሬድ ላክስ ክብር ያለው የተፈጥሮ ጸጉር ነው ። ክብሩ ከባህታውያን ይጀምራ,negative 
 የሌባ ፡የበጬ፡የዱርዬ ፡መገለጫ ማረጋቹ ሳያንስ ደግሞ የወንድ ሸሌ መገለጫ ለማድረግ ነው? በጣም ይደብራል,negative 
በጣም ይደብራል,negative 
እረ ማንዳላ የሌለበት ፊልም የቱ ነው እጭ አሁንስ በዛ ፊልም አይመራጥም እንዴ🙄,negative 
ወይ ማንዴላ ማትገባበት የለ, neutral 
ብልግና ማሳየቱ ለወጣቱ ጥሩ አደለም,negative 
በቃ አሪፍ ፍልም ነው ,positive 
የሚያስጠላ የወረደ ታሪክ,negative 
ትንሽ ከኛ ባህል ወጣ ያለ ነው,negative 
የጌታ መሳይ የመጨረሻዋ ፍቅረኛ ውብ ናት ,neutral 
አጨራረሱ የመጨረሻ ይደላል,positive 
ባለጌ የሆነ ፊልም ወይኔ የተሰጣቹን ሸምድዶ መዘባረቅ አይሰለችም እያደር እንጭጭ ሀሳብ ታመጣላቹ ኤጭ,negative 
የሚገርም ፊልም ነው በብዛት የሴቶችን ሀጥያት ብቻ በሚወራበት ሀገራችን ይህም እንዳሉ ግንዛቤ እንዲኖራቸው ያደርጋል እውነታ ሁሌም እውነት ነው ባለው መፍትሄ እንጂ መወቃቀስ ትርጉም የለውም,positive 
የዚህ ልጅ ቦርጭ አንገቱ ጋር ደረስ ምነው ተስተካከል የሚል ዘመድ ጏደኛ ጠፋ ?እረ እስፖርት ስራ ማንዴላ,negative 
የሆድህ የአንገትህ መጥቆር እረ ውይይ ,neutral  
ለፊልሙ እንደምትሯሯጥ ምናለ እራስህን ለመጠበቅ ብትሮጥ,neutral 
በጣም አአሪፍ ነዉ ማንዴ ,positive 
አሪፍና አስተማሪ ፊልም ነው,positive 
ፊልሙ ሀሪፍ ነበር የማስታወቂያው ብዛትና ድንገት የሚጮኸው ድምፅ ግን ይረብሻል ደሞ ዛሬ ብቻ አደለም ሁሌም ነው,positive 
ማንዴላ አድናቂህ ነኝ አንተ ያለህበት ደስ ይለኛል,positive
ባልወድሽ ኮካ ኮላ እገዛልሽ ነበር ወይ ማንዴላ, neutral 
አራዳ ፊልም ለምንድን ነው መሀል መሀል ላይ ድምፅ ቀጥ የሚልባቹ,neutral 
ለምንድን ነው አንድን ሴት አፈቅርሻለሁ እያላችሁ ሌላ የምታፈቅሩት ያቺ ከልቧ እየወደደችው የዋሻት ሌላ ወንድ ለማፍቀር ልቧ ተሰበረ ዳግም ሌላ ማቀር እንኳ አትችልም ልቧ ተሰበረ ለምን ወንዶች,neutral 
18 አመት በታች። ማየት አይቻልም ብላችሁ ግን 18 በታች ታሰራላችሁ,negative 
ሴቶችዬ ጠንካራ ሁኑ ሽንኩርት እንጂ ወንድ ልጅ እንዳያስለቅሳቹ,neutral 
ለዚች ልጅ ጡት ማስያዣ ሚገዛላት ይጥፋ,neutral 
ትንሽዬው ልጅ ስወደው የዱር እንስሳ ጥቀስ ሴት አንበሳ  ያረጀ አንበሳ ሚጢጢዬ አንበሳ,positive 
የሚያስጠላ የወረደ ታሪክ የማይረባ መልክት ቋንቋው ባለጌ የሆነ ፊልም ወይኔ የተሰጣቹን ሸምድዶ መዘባረቅ አይሰለችም እያደር እንጭጭ ሀሳብ ታመጣላቹ ኤጭ,negative 
የሚያስጠላ የወረደ ታሪክ ኤጭ,negative 
ኤጭ,negative 
በጣም ቆንጆ አስተማሪ ፊሊም ነው,positive
እኛ የፍለግ ነው ፊልሙን ነው እንጂ ዘፍኑን አይደለም ከብት ድንጋይ አህያ ነህ እሺ,negative
በሳቅ ልሞት ነው,positive 
ሙዝዝዝዝዝዝዝዝ ነው ያልሽብኝ,negative 
ክክክክ እምባየ ጠብ እስኪል ነው የሳኩት ይመቻችሁ,positive 
ጌታችን ሆይ ሀግርችን ሰላም ፍቅር መተሳሰብ እንዴት በሀይማኖት  ብሔር የማንገጨ አድርገት,neutral 
ይሄ ፊልም ግን አድስ ነው እነኝ ሠሶች ጠፍተው ከርመው ነበር,neutral 
ዶማ ብሎ ሰላም የኛ አገር ፖለቲካ ዶማዎች እየመሩት ነው ቆፍረው የጨረሱን ,neutral 
ይሄ ሰውዬ ደሞ ሰው አግቶ አለማጠን አያቅም እንዴ,negative 
ዛሬ ነው ኮሜዲ ፊልም ያየሁት ከረጅም ግዜ በኃላ  ውይይይይ እንዴት እንዳሳቃችሁኝ ስወዳችሁ,positive 
እኔ ምለው ግን ኢሄ ሰውዬ በቃ በርበሬ በማጠን  ነው እንዴ ማስተሩን የሰራው,negative 
በፍቅር የሚቀልዱትን ወንዶች እንዲህ ነበር ማጠን,neutral 
ምንም አይጥምም,negative 
የህሰው ግን ወድነቱን የሚያሣየው በርበሬ በማጠነው እደ እረ,negative 
ግን ኮሜቶች ሁላችሁም የሠብስክራይብ ላማኝ ሆናችሁ ውይይይ አሁን አበዛችሁት ,neutral 
ሁሌ በሌለ በርበሬ ከየት አባቱ አምቶ ነው  ሚያጥናቸው የሆክ አዝ ነገር ,negative 
እናተ ከመቼው ቀደማችሁኝ ስራ አትስሩም ሽቃሊት ነው የኔ ቢጥዬዎች ማዳሜ ልቤ ላይ ቆማለች ስጨርስ አየዋለው,neutral 
ምርጥ ፌልም ከምርጥ ተዋንያን ጋር,positive 
ወዮው ሆዴ በሳቅ ፈነዳ,positive 
በነገራችን ላይ አቶ ተፈሪ ተብለው የሚሰሩት ሰውየ ያስፈሩኛል በፊልሙ ሳየው በአካል ግን አላቅም በቃለ መጠየቅም ቀርበው አይቻቸው አላቅም,neutral 
ምንም አይጥምም ሙዝዝ አላቹሁበት ምነው በሰላም ነው ሜሊ ብዙም አይመስጥም ትወናሽ ካራክተሯን አላወቅሻትም ወይም ውስጥሽ አልገባችም ለማንኛውም ሙዝዝዝዝዝዝዝዝ ነው ያልሽብኝ,negative 
ምንም አይጥምም,negative
በስማም ሰውዬው ምናለበት አገራችንን  የሚበጠብጡትን ባጠነልኝ,neutral 
በሰኞው ቀን ቁጭ ዩቱብ ላይ እረ ስራ ስሩ ተው ግን,neutral 
ዋው ገራሚ የሚያስደምም ፊልም ነው የሚያዝናና ጥሩ ቁምነገር ያዘለ ነው,positive 
ያላያቹ እዩት በጣም ደስ የሚል ነው,positive 
ኢትዮጵያዬ ሰላምሽ ይብዛልን,neutral 
ኣንቺ በናትሽ ማስተዋወቂያሽ ሰለቸኝ,neutral 
በመድዬ እናት በእመብርሀን ሲል እንዴት አንጀት ይበላል፥  እመብርሀን ከክፉ ትጠብቃችሁ,positive 
በተለይ አስረግዘው የሚከዱትና አብይን የመሳደቡትን እንደዚ ነበረ ማጠን,positive 
ዋዉ በጣም ደስ የሚል ነበር እናመሰግናለን ,positive 
ምንምአይል ግንአይመስጥም,neutral 
ያምራል,positive 
አቦ ስሜታቹ ይቋረጥ አይመስጥም,negative 
እህት ወንድሞቼ የዩኒቨርስቲ ነገር አለተሳካምልኝም የቱብ ቻናሌን ሰብስክራይብ አድርጉኝ እና ስራ ለጀምርበት አህት ወንድሞች ተባበሩኝ,neutral 
በጥፊ ሲላት በስመአብ እዴት እደደነገጥሁ የኔን ፊት መሰለኝ ቴዲ ደግሞ አይኑን ተኩሎት ነው,neutral 
አረረረ  ሀሀሀሀሀ  የፊልም ያለ  ልቀቁልን,neutral 
ሀገሬ ልገባ ቀን እየቆጠርኩ ነው የሆነ ነገር በሉኝ,neutral 
ስሜታቹ ይቋረጥ,neutral 
ምን አይነት ፊልም ነው ጀመራችሁት ወዳው ጨረሳችሁት አንዱንም ሳንረዳ,negative 
ፍትህ ለኢትዮጵያ ፊልም,negative 
ቸሩ መድኃኔዓለም ሃገራችን ሰላም ያድርግልን,neutral 
እጅግ አሸቃባጮች ናችሁ ሆዳሞች,negative 
እማየ ትሙት አናዳችሁኛ,negative 
ክክክክክክ ዋው ነው በጣም ድስ ይላል ብተለይ ለልክስክስ ውዶች,positive 
ፍልሙ ኣሁን ልየዉ ነዉ ግን ፍቅር በፍልም ብቻ ሳይሆን በግሃድም ኣለ የምትወዱት ሰዉ ሳትጠራጠሩ, neutral 
ከልባቹ ኣፍቅሩ እግዚአብሄር ያግዛችዋል እኔ በፍቅር ኣምናለዉ,neutral 
ማንም ለፍቅር ብሎ እንዲ አያደሪግም። እኛ እናተን እያየን ገደል ግባን,negative
ላይክ አምሮኝ ሊደፋኝ ነው,neutral 
አንዱ ቤብዬ ስወድክ የምትሰራቸው ካራክተሮች በሚገባ ነው የምትወጣው በርቱ,positive 
በቃ ፍቅር በፊልም ብቻ ሁኖ ቀር,neutral 
ዋውውውው ብያለው ሲያምር ግን ፍቅር በፊልም ብቻ መሆን ያስጠላል በተግባር የለም,positive 
በጣም ያምራል መልካም ስራ ይጠቅማል ግን እውነት እደዚህ አለ ለፊልም ብቻ ባይሆን ጥሩ ነበር,positive 
ደሥ  ይላል  ክክክ  አይ  ኮኔረል,positive 
ምን ይሉታል በውለታ የሰውን ሚስት መውሰድ,neutral 
ከሴሰኛ ወንድ ይጠብቀን በሚስቱላይ ከሚሄድ ውሸታም ወንድ ይሰውራቹ,neutral 
ኸረረረረ እኔ የውነት መኖር አሰልችቶኛል ትንሽ የምፅናናው ፊልም ሳይ ብቻ ነው። ፊልሙ ካለቀ በኋላ ድጋሚ ይቺ አለም አናቴ ላይ ተቀምጣ ፊልሟን ትሰራብኛለች,neutral 
እልልልልልልልል የዛሬ ሳምንት ሀገሬ ልገባ ነው ተመስገንንንንንንን,neutral 
ሴትን ልጅ ለቀልድ እንኳ ቢሆን የሚሳደብ ወንድ ደስ አይለኝም ወንዶች ተጠንቀቁ እሽ ለሚሰድበን ሰው ክብር የለንም,neutral 
ከሞት እና ከአሜሪካ የሚቀር የለም አይዞቹህ ከአረብ ሀገር ወደ አሜሪካ,neutral 
ያገሬ ልጆች እንዴት ናችሁልኝ እንኳን አደረሳችሁ ለእናታችን ኪዳነ ምህረት ባላችሁበት ሰላምና ደስታችሁን ታብዛው ውድድድድ ሁላችሁንም,neutral 
ጉንፋን ሊገድለኝ ነው። ጒበዝ እስኪ። እንረዳዳመረዳዳት ባህላችን ነው,neutral 
ዋው ዛሬ ፀዳብን ስጠብቀው የነበረው ምርጥ ፊልም ,positive 
በጣም ነው የሚያስጠላው ይሄን ዝርክርክ ኑሯችሁን እዛው ኤጭ,negative 
ብሌን ማሞ ሳቅሽ ሳቄ ነው ስወድሽ,positive 
በያላችሁበት ሠላማችሁ ይብዛልኝ,neutral 
ዘ መጨነቅ ሀገራችንን ሰላም ያድርግልን,neutral 
እኳን ደና መጣችሁ ጋይስ እስኪ ድብር ብሎኛል ላይክ ግጩኝ ያው የመውለጃየ ስአት ድርሷል እ,neutral 
ጨለማ በዛበት ሲያወሩ ያለው ክላሲካል ይረብሻል,negative 
ለነገ  ይቀመጥ   አሁን  ጢኒብራየ  ዙሯል,neutral
ምድረ ከረፈፍ ደራሲ ወንድና ሴት ካልማገጡ ፊልም አትሰሩም በቃ,neutral 
ኤጭ የወድ ቻቢስቲክ ሲያስጠላ,negative 
ወይ እኔ ሰውየው ቦርጩ ነው,neutral 
ኮተታም ፊልም ነው እያቅለሸለሸኝ ነው አይቼ የጨረስኩት እሱም ሌላ አማራጭ ስለሌለ ሰሞኑን የሚለቀቁት ፊልሞች በጣም የወረዱ ናቸው,negative .
አሁንስ የሰለቸኝ ስለ መዳም እና ላይክ ግጩኝ የሚል ኮሜንት ማበብ ነዉ ይሄኮ ስለ ፊልሙ አስተያየታችን ልንሰጥበት እንጅ የባጥ የቆጡን ልንበጠርቅበት አይደለም አቦ ሁልሽንም ልጭሽ ነጫጭባ ሁላ,neutral 
ወድ የእማማ የኢትዮጵያዬ ልጆች ሠላማችሁ ይቦዛ በጣም ደስስስ የሚል ፊልም ነዉ  ክፋ አይንካችሁ,positive 
ቲሽ አሁን እሄ ምኑ ነው ደስየሚለው በናታችሁ ነወይስ ውጭ ስለተሰራ ነው,negative 
ወይ የአሜሪካ  ቀልድ  ቀንድ  ነው ፊልም ብሎ,negative  
አጭራርሱ ትክክል አይደለም ምክንያቱም ለመላጣ ሰውየው ያርገዘችሁ ርግዝናው የሱ ካልሆነ እሱ ሳያውቅ እንደት ያልቃል የላላ ሰው ልጅ የሱ እስካልሆነ ድርስ ማወቅ አለቤትኮ ስወየው በተርፍ አርፍ ነው,positive 
አሪፍ ነው ለኔ ተመችቶኛል,positive 
እሰይ ተመስገን ስለኮረና ወሬ መስማት ሰልችቶን ነበር እስኪ ማነዉ የኮረና ወሬ መስማት የሰለቸዉ,neutral 
አይ ፊልም ቆይ ምን ለማስተማር ነው ግን አልገባኝም ቃማችሁ ጠጣችሁ ጨፈራችሁ ተኛችሁ በዛው, neutral 
ተደናበራችሁ ጨረሳችሁ ስራ ፈትቸ ማየቴ እኮ ነው ደግሞ የሚያናደኝ,negative 
ፊልም ላይ ምን አሰጠላሸ ብትሉኝ መጠጥ ሲጋራ ጫት እነዚህ የሌሉበት ፊልም እንዴት እደናፈቀኝ ።ወጣቱ ወዴት እየሄደ እንደሆን የሚያወቅ ያሰረዳኝ,negative 
እኔ የሚገርመኝ ፊልም ያለ ጫትና ሺሻ ሲጋራ አይሰራም ማለት ነው ያሳዝናል ሌላው እንዴት ነው ሊያቆም ሊተው የሚችለው ይገርማል ደግሞ በሴቶቹ መቼም ለፊልሙ ብቻ ነው ልምድ አድርገውታል,negative 
በህይወቴ እደጭፈራ ቤት ምጠላው የለም  ይሄ ኮሮና መጣና ጠረቀመው አሁኔማ,negative 
ኤጭ!!!!!አይመስጥም,negative 
የቆሸሸ ድራማ ዝሙትን ብቻ የኢትዮ ፊልም ከዛ በላውን ታዘንባላችሁ,negative 
ያስጠላል ወደ ሀገር የምንሄደዉ ገንዘብ በትኖ ሴት ጨርሳ ጠርሙስ ለመምጠጥ ከሆነ ... ታሪክ የሌለዉ ህዝብ ይመስል,negative 
አውስትራሊያ እና አሜሪካ አንድ ሁኑ አንዴ ጉበዝ ,neutral 
ሀሪፍነዉ  በረቱ  ብቻ መቃም እና ማጨስ  ቀንሱና  በደብ ትምህረት ስጡበት  በተረፍ ይመቻችሁ  ያራዳልጂ,negative 
ገባ ገባ በሉ ጋይስ እንየው ባያምርም አይከፋም  መቸስ እኔ ና ማዳሜ በኮሮና ምክንያት ፍቅር ልይዘን ነው 24ስዓት ተፍጠናል ይለይልን እንግዲ እንለያይም, neutral 
እንዴ ምን የሚሉት ነገር ነው አጨራረሱ ምን እሼ በዛ ላይ ምኑም ደስ አይልም,negative 
ቅቤው ተብዬው ዘጋኝ  ለፍላፊ ውንድ ስጠላ ቀዥቃዣ,negative
ይህ ፊልም የሚያወራው ስለ ‹ዳያስፖራ› ትኩረት የሚስብ ነው, neutral 
ግን በየመፅሀፍቶቻችን ላይ ያሉትን ድንቅ ታሪኮች ወደ ፊልም ቀይሮ ለመስራት አይታሰብም, neutral 
እድሜ ልክ እንዲ የወረደ አዝግ ድራማ አይሰለቻችሁም? ግን አገር ውስጥ ብር ከፍሎ ይሄንን ሚያይ አለ,negative 
አይ  የዲያስፓራ ነገር  አቅየላቸው  መቼም  ባንድ  ድንጋይ  ሁለት  ወፍ  ሊበላ  አልተገኘም  እኔየገርመኝ  ጎ  ብሎ  ሲሯሯጡ ክክክ, neutral 
አሁንስ ከኮሮና እኩል እየተለቀቀ  ነው የኢትዬ  የፊልም ስራዎች ,neutral 
ብር እየተበተነላት ምድንሰዋን ልጅ ግርፍ ማርግ ነበር ስታስጠላ ጌጃ ነገር,positives 
እስኪ ምን አለበት ትውልድን የሚያድን የሚያስተምር መልክት ያለው ነገር ብሰሩ በየ ፊልሙ ላይ ሱስ ሴሰኝነት ብቻ የምታስተምሩት,negative 
በነገራችን ላይ በጉንጩ ምግብ ይዞ የሚወራ ሰዉ በጣምነው ሚጠላዉ,negative 
ግን ይች ልጅ ከጫት ከመቃም ውጭ ሌላ ካራክተር አይስጣትም እንዴ,negative 
ወይ ስተስጠሉ,negative 
መጨረሸ የሌለ ፍልም ማያት ሰለቸኝ,negative 
ቆይ ግን መጨረሸ ምን ሆኑ?????ቀልበችን አትገፈፉ, neutral 
ይቅርታ አድርጉልኝና ይህ ፌልም ምኑም አላማርኝም ወይ አያስቅ ወይ እውነተኛ ህይወት አይመስል ወይ ቁም  ነገር  አዘል የለው ግዜዬን ሳጠፋ ደግሞ,negative 
አጨራረሱ ማያምር ፊልም ያስጠላኛል በጣም ነው የተናደድኩት,negative 
ከሃገራችን እንደዚ ኣይነት ኣገር አጥፊ ነብሰ በላ የሆኑ ደላሎች ፈጣሪ ያጥፋቸው,negative 
እናታቹ ትበዳ መጨረሻዉ ምድነዉ ድሮም አማረኛ ፊልም,negative 
በቃ አለቀ ወይስ ይቀጥላል, neutral 
አሁን ይሄ ምንድነው መልእክቱ, neutral 
በእብደት ተጀምሮ በእብደት ያለቀ, neutral 
በጣም አሪፍ ፊልም ነው  ግን ፈጣሪ ከእንደዚህ አይነት ጓደኛ ይሰውረን,positive 
ኮሜት የሰጣችሁ ሁሉ እናታችሁ ትበዳ ቆማጣ ሁሉ ስለፊልሙ አታወራም እንዴ ስታናድዱ, neutral 
ቡዙም አይነፋም የፊልሙ አጃማመር እና ፍፃሜው አይስማሙም,negative
ብዙ ደክማችሁ ነው ይሄን ፊልም የሰራችሁት ግን ደግሞ ባዶ አዎ ባዶ ናችሁ ይሄ ሁሉ production Crue ባለበት ታሪኩን ማሰመሪያ መንገድ አጣችሁ,negative 
መቸም እደዚሁኖ አለቀ አትሉንም ቀጣይ ክፍል ልሰሩለት እደሁጅ,negative 
በጣም ገራም ልብአ ጠንጠልጣይ ፊልም ሥለሆነ ተዚናኑበት,positive
ግን አጨራረስ ከእኛ ነዉ,negative 
ታሪኩ ግን ምንም አይመስጥም ደግሞ አላለቀም ይቀረዋል,negative 
በህይወት ዘመኔ ካየሁት የኢትዮጵያ ፊልም ሁሉ አጨራረሱ የተመቸኝ,positive 
ኤጭ አሁን ኢሄም ብር ወቶበት ፊልም ተብሎ መሰራቱ ነው,negative 
እዚ ፊልም ላይ ያሉት ሴቶች ከቫይረስ የባሱ ለአለም በሽታ ናቸው,negative 
ኧረ አትሸውዱን ተው ስልኩ ጨልሞ ፊክ እንደሚዎሩ ያስታውቃል ቢንስ አስመስሉ,negative
ምንም አይልምቀጥሉበት,negative 
መዝሙር የምፈልጉ ሰብስክራይብ አድርጉ ጥኡም መዝሙሮች, neutral 
ደባሪ ስታስጠሉ!!!!! ይሄን ፊልም ብላችሁ ጊዜያችንን ታቃጥላላችሁ,negative 
ኮመንቶች እረ ተራርቃቹ ኮምቱ ለጥንቃቄ ያክል, neutral 
በዚህ 2 አመት ዉሰጥ ከተለቀቁት ፊልሞች ይሄ ይሻላል,positive
ምን ለማስተማር እንደ ፈለጋችሁ አልገባኝም ?ምን  የሚሉት አጨራረስ ነው,negative 
ምንድን ነው ፊልም ወይስ ተከታታይ ድራማ በዛ ላይ የመጠጥ የሐሺሽ ምንም ትርጉሙ አልገባኝም,negative
በቀን አንድ ፊልም አታሳጣን ያረቢ በቃ ጨርሼ መጣለዉ, neutral 
ይህ ፍልም ነው ወሬ ነው ስያስጣላ  ለነገሩ እኛ ነን ያጠፍነው ማየታችን,negative 
እግዚአብሔር ይገልብጣችሁ,negative
ወጣቱን ምን እያስተማራችሁት ነው ምድረ ቦዘኔ,negative
ፊሊም በናተ ቀር ስብልየ ነብስሺን ባጸደ ገነት ያኖርው,positive
ከአሥራ አንድ አመት በኋላ ደግሜ አየሁ ሰብሊዬ ነብስሽን በቅዱሳን እቅፍ ያሳርፍልን,positive
አራት  መቶ  ሽ  ብር  ቢኖረኝ    አይደለም    ከሀገር   ከስፈሬም  አልወጣ,neutral
መልካም አዲስ አመት,neutral
ኢትዮጵያ ለዘለአለም ትኑር,neutral
አሜን,neutral
አሜን,neutral
እባካቹሁ ሚስቴ እርጉዝ ናት ላይክ ግጯት,neutral 
ምን አለ ሌላ ነገር ቢያምራት አሁን ሰው ላይክ ያምረዋል ወይ ሚስቶች ይሁና,neutral
እንኳን ለ2011 አደረሣችሁ አድሡ አመት,neutral
የተራበ የሚጠግብበት የታረዘ  የሚለብስበት የታመመ የሚድንበትየሠላም  የታሠረ የሚፈታበት የፍቅር  የብልፅግና የመተሳሰብ ይሁንልን,neutral
ክክክክክክክክ አይይይይይ ይሄ ልጂ እዴት አባቱ ያምራል,neutral
ሀሀሀሀ አስተናጋጅዋ ደስ ብላኛለች,positive
 ይድፉችሁ,negative
እናመሠግናለን ይህን,positive 
እያየን ቀኑን እንግፋው እንጅ,positive
ሀኪም ቤት ሂጀ የ3 እረጉዝ ነሽ አለኝ እስኪ የደስታየ ተካፋይ የሆናቹህ ላይክ ግጭኝ,neutral
ይድረስ  ለስደተኞች,neutral
ለእራሳቼን  ማሰብ እንጀምር,neutral
ሻማ  መሆን ይብቃን,neutral
ውይይይይ ሀብታም መሆን እንዴት ያስጠላል ድህነቴ ማሪኝኝ,negative
እናቴ ናፈቀችኝ የሁላችንም እናት እድሜ ይርዘምልን ለሞቱትም ነፍስ ይማርልን አሜን,neutral
እረ ጋይስ የእውነት አፍቃሪ ጠፋ የእውሸት አፍቃሪ አስመሳይ ሰው ሰለቸኝ እስኪ እደኔ የሰለቻችሁ,neutral
ብቸኝነት ስሰማህ ሳይሆን ዝግጁ ስትሆን አፍቅር ።,neutral
አገሬ ልገባ ወር ቀረኝ  ክብር ለድንግል ልጅ።,neutral
ያገሬ ልጆች እንኳን አደረሳችሁ ዛሬ አብነአረጋዊ ነው በስደት ያላቸው እህቶች ወንድሞቼ አቡነ አረጋዊ ይጠብቃቸው,neutral
እኔ እምለው ፍቅርን ፍለጋ ስከራተት፣ለካ በየፊልሙላይ ተበትኖ ነው፣,neutral
ጉድ ነው ሰሞኑንስ መቶባችኋል ምንግዜ የማዳምን ስራ ልስራ ኧረ ቀስ በተራ አረጋጉት ያለቀኔ ሀገሬን እንዳልገባ,positive
እኔኮሚገርመኝ ኢትዮጵያ ግን ይሄን የሚመሳስል ቤትና ቦታ ያለ አይመስለኝም ነበር,neutral
መሮኛል አሞኛል አምሮኛል እያላቹ ልይይክ ምትለምኑ ግን ጥቅም ካለው ለምን አትነግሩንም,neutral
ግን ኢትዮጵያ ውስጥ ነው እንደዚህ አይነት ቤት ይገርማል,neutral
ይገርማል,positive
ይህ ፍልም ነው ወሬ ነው ስያስጣላ  ለነገሩ እኛ ነን ያጠፍነው ማየታችን,negative 
እግዚአብሔር ይገልብጣችሁ,negative
ወጣቱን ምን እያስተማራችሁት ነው ምድረ ቦዘኔ,negative
ፊሊም በናተ ቀር ስብልየ ነብስሺን ባጸደ ገነት ያኖርው,positive
ከአሥራ አንድ አመት በኋላ ደግሜ አየሁ ሰብሊዬ ነብስሽን በቅዱሳን እቅፍ ያሳርፍልን,positive
አራት  መቶ  ሽ  ብር  ቢኖረኝ    አይደለም    ከሀገር   ከስፈሬም  አልወጣ,neutral
መልካም አዲስ አመት,neutral
ኢትዮጵያ ለዘለአለም ትኑር,neutral
አሜን,neutral
አሜን,neutral
እባካቹሁ ሚስቴ እርጉዝ ናት ላይክ ግጯት,neutral 
ምን አለ ሌላ ነገር ቢያምራት አሁን ሰው ላይክ ያምረዋል ወይ ሚስቶች ይሁና,neutral
እንኳን ለ2011 አደረሣችሁ አድሡ አመት,neutral
የተራበ የሚጠግብበት የታረዘ  የሚለብስበት የታመመ የሚድንበትየሠላም  የታሠረ የሚፈታበት የፍቅር  የብልፅግና የመተሳሰብ ይሁንልን,neutral
ክክክክክክክክ አይይይይይ ይሄ ልጂ እዴት አባቱ ያምራል,neutral
አሜን ታሪኩ {ባባ} ሲናደድ እስራኤል ዳንሳን ሴጣን ሲያላቅቅ መሰለኝ,positive
ወቸ ጉድ ታሪኩ (ባባየ) ሀብታም ባለጠጋ ብቶን እንደት ያምርብሀል አንተው,positive
በጣም ትምርት ያለው ነው ሀሪፍ ነው ደራሲው መመስገን አለበት በጣም,positive
ምድረ በጥራቃ ሁላ,positive
ዋው...በጣም አሪፍ  ፊልም ነው,positive
 ያላያችሁ እዩት,positive
 ታሪኩ/ባባ/ ውስጤ ነው,positive
እናቴ እወድሻለሁ ኑሪልኝ,positive
ይሄ ፊልም ግን መጀመሪያው በጣም የተጋነነ ነው ምንኛ ነው,negative
አርብ ቅድስት ሀገሬ እገባለሁ,neutral
በጣም የሚያስተምር ድራማ ነው,positive
 ሰው ማንነቱን የሚያገኘው ከጥቅማጥቅም ሲርቅ ብቻ ነው,neutral
ደሀ መሆን ማንነትና ፍቅር የሚገልፅ ስንቅ ናት ደሀነት ትንሽ ስቃይ ሊኖረው ይችላ,neutral
ብዙዎን ደስ የምታመጣው እራሷ ስለሆነች ትግስትና ተስፉ አይለያቹ ባይ ነኝ,neutral
ተመችቶኛል ቀጥሉበት,positive
ሠሞኑን አዲስ ፊልም አበሸበሻቹህት ብርድ ሠለሆነ ማሞቂያ ነው እንዴ,positive
እኔ እሚገርመኝ የኢትዩጵያ ሙቪ ወይም ሲኒማ የማንኖርብርትን ለምን እንሰራለን,negative
ጽድት ያለ ነው ምንም አይጎለውም ከ አንዳንድ እጸጾች ውጪ,positive
ግን በዚ ዘመን እንደዚህ አይነት ሰው አለ ወይ ኢትዩጵያውሰጥ,negative
ምንድን ነው እሚያሰተምረው ለህብረተሰቡ ?,negative
በጣም ተጋኖል በጣም,negative
ሰሟኑን  ደሞ  ፎቃ  ያፎቃፎቀኝ  ነዉ  እስኪ  አይዞሺ  በሉኝ,neutral
ላይክ የምትሉ አሁንሰ አበዛችሁት እዴ ፉልሙን እንይ ውይሰ የናተን  ላይክ የምቱሉትን ነገር እረ ክግርግዳው ያጋጨልኝ እዴ በዛ,neutral
ላይክ,positive
አረ በለው  ስትመጡም ስትጠፉም አንድ,negative
እኔስ አያችኅለሁ መዳም ተሳፍራልኛለች ይብላኝ ላለችባቸው,negative
ፊልም ገና አሁን ተስራ ሀገሬ,positive
ላይክ ግጩኝ አልልም ያው በ እዝነት አትለፏኝ,neutral
ሳየው አስተያየት እሰጣለው እስገዛ ያላያቹ ገባ ገባ በሉ,neutral
እረ ተረጋጉ የመዳም ስራ ወሀ በላው,neutral
እኔምለው ፊልሞቹም ታስርው ነበር እንዴ ምህርት ተደርጎላቸው ነው መሰል,negative
ምን አለ ፣ አርቲስቶቹ ሲናገሩ የፒያኖውን ድምፅ ብታጠፉት ። እነሱን እንስማ ወይንስ ፒያኖውን ።,negative
ያጋጭሽ እዳትሉኝ አደራ በዛ ላይ ፊልሙ አሪፍ ነው,positive
እረ ላይክ ግጩኝ ግን ስሞትላችሁ,neutral
አይ አሁንስ በዛ ግራ አታጋቡን ስትይዙ አንዴ ስትለቁ አንዴ ፊልሙ ከመብዛቱ ታሪኩን እየረሳሁት ነው ከዘመኔ ወደ ዋሻው,negative
ታሪኩዬ ሀብታም ሁነክ ከምሰራ ምን አለ ድሀ ሁነክ ብሰራ..የመዳምን ስራ ትቼ አይህ ነበር,negative
እደው በሁሉም ይዣችዋለው,negative 
የቤት ጣጣ አታውሩ።,negative
ውይይይ እንደዚህ አይነት ባለጌ ልጅ እዳይሰጠኝ ያረብ ለናት ይህ አይገባትም,negative
አቤት ማሽቃበጥ ለሀብታም መቼም ውስጣችን ነው,neutral
ወይ ፊልም ወይ አገሬ እረ በሳቅ ገደላቹኝ,positive
ወይ አብት ይሄ ፊልም ኢትዮጵያን አይወክልም ቱርክን ነው,negative
ክክክክክክክክክክ አይ መኻንት ለካ ትክክል ነው ደአ አይለፊለት የሚባለው  በለው,positive
በጣም አሪፍ ነዉ ግን አባትየዉ ባይሞቱና ሁኔታውን ቢያዩ ደስ ይለኝ ነበር,positive
ኧረ ቀስ  ምንድነው ነገሩ ልደፍነው,negative 
የት ከርመው ነው የአለም ዋንጫ ውድድር  አስመሰሉት ታስረው የተፈቱ አይመስልም ክክክክ ወያኔ አስሯቸው ነበር መስለኝ,negative
እህ  ኮሜት ማበብ እዲሰለቸኝ አረጉኝ እነዚህ ላይክ አረጉኝ እሚሉ ሰወቺ,neutral
እስከ አሁን ካየሁዋቸው በጣም ለየት ያለ አሪፍ ፊልም ነው,positive
ሌላው ሁሌ ኮመንት እሚሰጡ ሰወች ትዝብቴ ከፊልሙ የወጣ ኮመት ነው ,neutral
ላገባ ነው ላይክ ሰጡኝ,neutral
ወዘተረፍ ይመቻቹ እንግዲ ምንም ። ማድረግ አይቻልም,positive
በህዎቴ የሚጠላ ነገር ብኖር ሃብታም መሆን ነዉ,positive
የእለት እንጀራ ካለኝ ይበቃኛል,neutral
እኔ ካንተ የምፈልገውን ሳላገኝ ከምሞት ብሞት ይሻለኛል,neutral
አረ እንዴት ነው አዲስ ፊልም መለቀቅ ተጀመረ እናመሰግናለን በርቱ,positive
ሀብታም ደሀን የገዛ ይመስለዋል ይባላል እውነት ነው አደል?,neutral
ባባ አስለቀስከኝ በጣም ቆንጆ ፊልም ነው,positive
ምርጥ ትምህርት ነው ዋው,positive
ኮረና ጠፋ ሲባል መስማት የናፈቀዉ,neutral
የሀገር  ልጆች  አረ የት  ናቸው  አድስ ፊልም  ተለቆል አብረን  እንይ  ያለ እንተ ምኖም አይምርም  የት  ናችው  ስወዳችሁ እኮ,positive
መገን ወር ሞላብኝ እኮ ይን ፊልም ለመጨረስ,negative
ውጪዎች ቢሰሩት የሚገርም ኤሮቲክ ይወጣዋል,positive
እናንት የፊልም ሰሪዋች ብዙ ፊልም ላይ ምግብ ቀርቦ ወይ ስትበሉ ስርአት የላችሁ,negative
ለምሳሌ ይህ ፊልም ምግብ ቀርቦ ሲነጋገሩ  ስላልተግባቡ ሊጎረስ የተጠቀለለውን መወርወር ይህ አሁን ምን ያስተምር እንዲህ,negative
መሆኑ የሚደሰት እለ  ፊልም እያስተማረ እንዲያልፍ ነው ግን ደግሞ ስርአትንም ማስተማር ያስፈልጋል,negative
ዛሬ የወረወርሽው ምግብ ነገ ይቸግራል ያ ቀን ሳይመጣ ትንሽም ቢሆን ስርአትን ተለማመጂ ገና ወጣት ነሽ,negative
ብዙ ነገር ይጠብቅሻል  ከዚሁ ተማሪ ስርአት ይጠቅማል እንጂ አይጎዳም,negative
አሪፍ ፊልም ነው  Thank you I enjoyed it,positive
አማርኛ ፊልም ርዕሱ ተመሳሳይ ፡የቤት ልጅ የጎረቤት ልጅ፡ የሰፈሬ ልጅ፡ የሴት ልጅ፡ የሴም ልጅ፣ የልጅ ልጅ ፣ የአክስት ልጅ ፡  ሰውየው ፡ሴትየዋ ፣ሹገር ማሚ ፣ሹገር ዳዲ እያለ ይቀጥላል,negative
ጩባው ያንተን ፊልም ሁሌ ኣሪፍ ነው      እስኪ ጩባው ላይክ ጉጩለት,positive
ቅድስ ገብኤል የልባችን መሻት ይፈጽምልን ከዚህ በሽታ ይስውርን አሪፍ ፌልም ነው እዩት,positive
ለመላው። የኢትዩጵያና የአለም ህዝብ ሰላም ያውርድልን መደሀኒለም ሆይ።  ማርን ይቅር በለን ወገኖቻችንን። ማርልን እኛንም። ክመከራ ስጋ ክመክራ ነፍስ ጠብቀን አሜን, neutral 
እስቲ ጩባውን አይቶ ፊልሙን የከፈተ, neutral 
እረ ወገን እኔ መዳም እራሷ ኮሮና ሆነችብኝ እኮ ,negative 
እኔ ጩባውን ስላየሁ ብቻ ከፈትኩት እኔም የምትሉ ግጩኝ ከመዳም ኩሽና ያጋጫችሁና ወዳችዋሎ, neutral 
ሰላም ሰላም የሀገሬ  ልጆች  በስደትም በሀገር ቤትም ያላችሁ   እግዚአብሔር ይጠብቀን ሀገራችንን ሰላም ያርግልን, neutral 
እኔ መቸም ሚሊዎን ብርሀኔን አይቸ ማለፍ ግፍ ይሆንብኛል በጣም ነዉ እምወደዉ በተለይ ዘጠነኛዉ ሽ ላይ የሳቄ ምንጭ እሱ ነዉ እኮ እህህ ኮሜንት አይቸ እመለስ አለሁኚ, neutral 
የልጁ ድምፅ ዋው ነው ኧረ ተጠቀምበት ጓዳ ለጓዳ አታርመጥምጠው አሪፍ ድምፅ አለህ በኮምፒውተር ያልታገዘ ያልተበረዘ የእግዚአብሔር ድንቅ ስጦታ ከቻልክ በዝማሬ ፈጣሪህን አመስግንበት,positive 
ወይኔ ሸሚዙ ግን ፍረደበት እየተቀያየራችሁ የምር ያበደነው አቤት ጩቤቲ, neutral 
ጩባው እንደ እኔ የሚያስቀው ግጩኝ።, neutral 
ጩቢቲ ከባድ ድምፃዊ መቶብሻል ቮካል ስሪ,positive
ልሹፈዉ እዴ ያምራል ደብሮኛን ድብርቴ ቢለቀኝ,neutral
ገዘብ ደስታን ጤናን አይገዘሰም  ከጎናችን ያሉትን ብናይ ስት ሰላም አለን አሪፍ ነው በርቱ,positive
አረ የቱን ትተን የቱን እንይ,positive
ዉይ እድዚህ አይነት ሀብታም አለ ሆ,positive
ድህነቴ ምን አለኝ ,neutral
እድሀ ቤት ነዉ ፍቅረ ያለ,neutral
የቱን እንስማ ሙዚቃውን ወይስ?,negative
ሙዚቃው ከሰዎቹ ድምፅ በላይ ነው። ,negative
ማሮች በባባ ሞት ሰብስክራይብ አድርጉኝ,neutral
እና የሰራሁትን እዮልኝ። በመቀጠል ስደት ለጨጓራ በሽታ እንደኔ ያጋለጠው ማነው?,neutral 
ስለዚህ በቤታችን ሀኪም ሳንሄድ በምን ቶሎ ልናስታግሰው እችላለን የሚለውን መፍትሄ ዱቅ አደርግላችሁ አለሁ። በሰብስክራይብ አግዙኝ,neutral
ዋው ምርጥ አስተማሪ የሆነ ፊልም,positive
አረፍ ነው እናመሰግናለን,positive
ለደራሲው ለአቤል ሀጎስ ትልቅ ክብር ይገባል!ምርጥ ድርሰት ነው,positive
ለመላው የእስልምና እምነት ተከታዮች ዒድ ሙባረክ,neutral
ደሞ ማናቅን እንጅ ትምህርት አይዴለም እሽ የስጠለለል እሽ,negative
ባባዬ ፍቅርኛዬ ስለ ምትመስል ያተን ፍልም ማየት እጋጋለሁ,positive
በለው ተንበሻበሽን,positive
ሁላችንም። እጅ ላይ ደሰታ አለ ሌላን በመፈለግ አንሙት። ትክክል።,positive
ባባ ሀብታምነት የጭንቅ ህይወት,positive
ማርች መጣቹልኝ,neutral
አቦ ስወደችሁ,positive
ወይኔ ባባዬ አንተ ብቻ አይደለክም እኔ እራሱ በጣም ብዙ ተማርኩ ለደስታ ሁሌ የማለቅሰው ልጅ ዛሬ በጣም ደስተኛሆንኩ አመሰግናለው ባባዬ  እወድካለው አስተምረከኛል,positive
ወይኔ ባባዬ,positive
እኔ እራሱ በጣም ብዙ ተማርኩ,positive
ለደስታ ሁሌ የማለቅሰው ልጅ ዛሬ በጣም ደስተኛሆንኩ,positive
ዛሬ በጣም ደስተኛሆንኩ,positive
አመሰግናለው ባባዬ  እወድካለው አስተምረከኛል,positive
አመሰግናለው,positive
ባባዬ  እወድካለው አስተምረከኛል,positive
ባባዬ  እወድካለው,positive
ዋውውውውውውውው በጣም አስተማሪ ና ቁምነገረኛ ነው,positive
ዋሻው አላችሁት እስኪ እንየዋ ክበሩል,neutral
የሀገር  ልጆች  አረ የት  ናቸው  አድስ ፊልም  ተለቆል አብረን  እንይ  ያለ እንተ ምኖም አይምርም  የት  ናችው  ስወዳችሁ እኮ,positive
መገን ወር ሞላብኝ እኮ ይን ፊልም ለመጨረስ,negative
ውጪዎች ቢሰሩት የሚገርም ኤሮቲክ ይወጣዋል,positive
እናንት የፊልም ሰሪዋች ብዙ ፊልም ላይ ምግብ ቀርቦ ወይ ስትበሉ ስርአት የላችሁ ለምሳሌ ይህ ፊልም ምግብ ቀርቦ ሲነጋገሩ  ስላልተግባቡ ሊጎረስ የተጠቀለለውን መወርወር ይህ አሁን ምን ያስተምር እንዲህ በመሆኑ የሚደሰት እለ  ፊልም እያስተማረ እንዲያልፍ ነው ግን ደግሞ ስርአትንም ማስተማር ያስፈልጋል ዛሬ የወረወርሽው ምግብ ነገ ይቸግራል ያ ቀን ሳይመጣ ትንሽም ቢሆን ስርአትን ተለማመጂ ገና ወጣት ነሽ ብዙ ነገር ይጠብቅሻል  ከዚሁ ተማሪ ስርአት ይጠቅማል እንጂ አይጎዳም,negative
አሪፍ ፊልም ነው  Thank you I enjoyed it,positive
አማርኛ ፊልም ርዕሱ ተመሳሳይ ፡የቤት ልጅ የጎረቤት ልጅ፡ የሰፈሬ ልጅ፡ የሴት ልጅ፡ የሴም ልጅ፣ የልጅ ልጅ ፣ የአክስት ልጅ ፡  ሰውየው ፡ሴትየዋ ፣ሹገር ማሚ ፣ሹገር ዳዲ እያለ ይቀጥላል,negative
ቅድስ ገብኤል የልባችን መሻት ይፈጽምልን ከዚህ በሽታ ይስውርን አሪፍ ፌልም ነው እዩት,positive
በጣም ነው ያስለቀጰኝ Like ስጡኝ,positive
እዮባ ያለበት ፊልም ሁሌም ይመቸኛል,positive
ብዙ የአማርኛ ፊልሞችን አይቻለሁ:: አብዛኞቹንም ተመሳሳይ ታሪክ፣ ተመሳሳይ የታሪክ ፍሰት ያላቸው ሆነው አግኝቻቸዋለሁ:: ይህ ግን ይለያል! በአማርኛ ፊልም ላይ ተስፋ እንዳልቆርጥ አድርጎኛል። 🤗ውድጄዋለሁ!!!,positive
ሃገሬ ልገባ 6 ቀን ቀርኝ ሰላም ግቢ በሉኝ የሃገሬ ልጆች,neutral
እዮብዬ ድምፁ ተቀየረ አደገ የፈጣሪ ያለህ,positive
እንኳን ለእናታችን ለቅድስት ድንግል ማሪያም ወርሀዊ በአል በሠላም አደረሣችሁ እንደኔ ዘግይታችሁ እያያችሁ ያላችሁ ዛሬ ደስ ብሎኛል ።የ እዮብ አድናቂዎች የት ናችሁ ኑ እንየው,positive
የ ፖሊስ ፍቅር ጣጣ ነው ከከከ,positive
ደራሲው ግን ጋዴም ነህ ,negative
እንዴት ቤተክርስቲያንን  ለውሸት መረጣችሁ የምሰሩትን አታቁም,negative
አሪፍ ፊልም ነው   ግን አልፎ አልፎ ድምፁ ይጠፋል አይሰማም,positive
ወይኔ ድምፁ የሞተ ፊልም ነው በጣም አሪፍ ይሆናል ብየ ጠብቄ ነበር።,negative
እኔ ምለው እኛ ሴቶች ምድነው ይሄን ያህል ገዘብን ማፍቀር ያአላህ,positive
ጥሎብኝ ትራፊክ ሆኖ እሚሰራዉ ልጅ ስወደዉ እሱ ያለበትን ፊልም በጉጉት ነዉ የማየዉ በሳቅ ጦሽ የሚያረገኝ ልጅ,positive
አዲስ አባሂጄ ጠጄን ስቀመቅም ሚስቴ ወልዳመጣች አባቱን አላውቅም,neutral
ድምጹን ለምን ታጠፉታላቹ? ወይም ባትለቁልን ይሻላል::,negative
ድምፅ የለው ምን የለው ይህን ድራማ ብላቹ ታቀርባላቹ ማፈሪያ ሁላ,negative
እርፍ ነው ግን ድምጽመጨርሻላይ አይሰራም,positive
ምንዲነው፡ምንም፡ድምፁ፡የለውም፡ከስልኬ፡መስሎኝ፡ነበር፡ለካ፡ችገሩ፡ከናንተው፡ነው,negative
ወይኔ የወንድ ቀጭንስ ሲያስጠላ,negative
እናት ማለት እኮ ሀገር ናት  ሁሉ ነገር,neutral 
ለናቶቻችን እድሜና ጤና ይስጥልን  የምትሉ እስኪ በላይክ ግለፁ,neutral
እማ እናቴ ሁፍ ናፍቅሽኝ እናቴን የማይበት ቀን እረዘመብኝ,neutral
ማንዴላዬ የኔ ምርጥ አርቲስት ነህ ነኝ,positive
አሪፍ ፊልም ነዉ ::እናቴ ኑሪልኝ ለዘለአለም እናት ለልጇ የማትሆነዉ የላትም::,positive
በእባ ጨርስኩት እር መች ነው እናቴን እማያት,positive
በጣም ምርጥ ፊልም ነው እናት አለሜ ለልጆችሽ ስትይ ስንቱን ታይዋለሽ እረጅም እድሜ ከጤና ለናቶቻችን,positive
ዋውውው በጣም አሪፍ ፊልም ነው በርቱ ሰላማቹ ይብዛ,positive
ስድት ባልመጣ ይህን አላይም ነበር,positive
ምርጥ ፊልም ደሥ ይላል ውፍ በለቅሶ ሞትኩ  እምዬ እ,positive
ውይ  ስታስጠሉ  ድምፅ  ምድ  ነው,negative
አሌክሶና ቴድን የምታደቁ በኔ ሞት ላክግጩኝደስይበለኝ አይከፈልበት,positive
እንደት አደራችሁ ጋይስ,neutral
ይድ ወደዛ  ስታቴ,negative
በጣም ነው የተመቸህኝ አሌክስ,positive
ያምራል አይ ተማኝ መንጃ ፍቃድ ትላለክ ረዳቱን,positive
በለቅሶ  በእንባ ታጠብኩ   ወይኔ ለካ  ከመወለድ  እንደማሳደግ የሚበልጥ የለም  በጣም  ያሳዝና  አስተማሪ,positive
ኡፍፍፍ በጣም ያሳዝናል መወለድ ቋንቋ ነው በጣም ትምህርት ሰጪ ነው  ሙሴ አበረ ደስ የሚል ስያሜ ነው እኛ አባቶቹ እናቱ ደግሞ ድንግል ማርያም ናት አቦ ይመችህ ስወዳችሁ,positive
ዋውውውውውው በውነት ሰል እንደት እንዳስለቀስከኝ ውይይይ እግዚአብሔር ያጠብቃችሁ,positive
በጣም ይምራል የሠዉልጁ የሠዉ ነዉ የሠዉልጅ ከማሣድግ የዉሻ ብችላ ማሠደግ ይሻላል እሜባለዉ እዉነት ነዉ,positive
ሶስት የሚወደዱ  አክተሮች,positive
በጣም ነው ያስለቀሰኝ በጣም አሪፍ ፊልም ነው,positive
ወይኔ አስለቀሰኝ ተላምዶ መለየት እንዴት ይመራል,positive
ውይ በማሪያም እራሴን አመመኝ! !! በጣም ደስ ይላል,positive
ገና ወጣት ነሽ ብዙ ነገር ይጠብቅሻል ,positive
እኛ በልደቻችን ቀን እንኩዋን አልተከበረልንም ውይ አብታም,positive
እውነት ለመናገር እምባዬ ተናነቀኝ አባቴን አስታወሰኝ *አላህ ይርሀም *አባት ማላት ሁሉ ነገር ነው መከታ ነውጥላ ነው  አላህ ጀነትን ይወፍቅህ,positive
በጣም ልብ የሚነካ ፊልም ነው ብዙ ነገሮችን ያስተምራል ከምንም በላይ ንሰሀ ገብቶ መሞትን የመሰለ ነገር የለምና እግዚአብሄር ሁላችንንም ለንሰሀ ሞት ያብቃን አሜን,positive
በጣም ምርጥ ፊልም የሰለሞን ቦጋለ አድናቂ ነኝ,positive
አሪፍ።ነው።ማህደርአሰፍ።ሁሌም።አድናቂሽነኝ,positive
በስደት ያላቹ እመቤቴ ትጠብቃቹ አሜን,neutral
በጣም ነው ያስለቀሰኝ በጣም አሪፍ ፊልም ነው,positive
ሶስት የሚወደዱ  አክተሮች,positive
በጣም ነው ያስለቀሰኝ በጣም አሪፍ ፊልም ነው,positive
ውይ በማሪያም እራሴን አመመኝ! !! በጣም ደስ ይላል,positive
ገና ወጣት ነሽ ብዙ ነገር ይጠብቅሻል ,positive
﻿አራ መጨረሸው ምንድነው,neutral
በጣም የስጣለል እሽ,negative
ጥሩ ነዉ,positive
በጣም ሚመች ፊልም ነው,positive
ካካካካካ በጣም ያምራል,positive
ውይ ቆንጆ ሴት ለካ እስስት ናቸው,negative
ልጅትዋ ደምጿ ይደብራል,negative
የተወሣሠበ ነዉ ልበል,neutral
አሪፍነበር ግን ለምን አጠረ,positive
ምንም አልገባኝም,neutral
ሁላችሁም ደሥትላላቺሁ ይመቻችሁ,positive
መጀመሪያውን አይተህ ሳይሆን መጨረሻውን አይተህ ተረዳው ይሉሀል ይህ ነው,positive
በጣም ያምራል አባት ማለት እንዲህ ነው,positive
በጣም ደስ የሚል ነው አድናቂያችሁ ነኝ ማሮች,positive
በታም ኣመሰግናለው ድርሰት ማለት ይሄ ነው ኣይተሀው ማትጠግበው ደጋግመክ ኣሪፍ ተዋኒያኖች ዉብ የሆኑ ቀጥሉበት ኣልረሳችዉም በታም ስቂያለው 10q በርቱ በርቱ,positive
ዋአው አባት እንደዚህ ነው ጤና እና እድሜ ላባቾቻችን በጣም ደስ ይላል,positive
ዋው ደሥ ይላል   ፍቅር ያለበት ቤተሠብ ያጠግባል,positive
ሲያስጠላ እንዲህ ያለ ትቢት,negative
ዋውውውውውው እደት ያምራል እናመሰግናለን ሁላችሁንም ውውውውድድድድ,positive
ሲደበድበው የኖረውን ልጅ ይቅርታ ማለት ነበረበት,neutral
ውይ ካሜራ አማኑ በሳቅ ጨረሰኝ,positive
ሃሃሃ ወይ ካሜራማን አረ በሳቅ ሙዜዎቹን አለ  ሁፍፍፍ,positive
ኪኪኪኪ በጣም ነው የተመቸኝ በተለይ ይሄ ራስታ ስወደው እኮ የኔ ፍልቅልቅ።,positive
በጣም ደስ ይላል ተመችቶኘል በሪቱ,positive
ዋውውውውው ውድድድድድድ,positive
አጨራረሱ አንጀት ይበላል,positive
በጣም ደስ እሚል የትምህርት ቤት ትዚታ ,positive
ዋው በጣምምም ነው የተመቸኝ ቀጥሉበት,positive
ዋውበታም ያሳዝናል,negative
ኧረ ጉድ ይሄን ሰሞን ፊልም አበሽበሻችሁን ዋዉ እናመሰግናለን,positive
እኔ ግን የኢትዮጵያ ደራሲዎች ግርም ትሉኛላችሁ በሁሉ ፊልም ላይ እናትን መግደል ተገቢ አይደለም,negative
አረ ተው ፊልም ስትሰሩ እንኳን እናት ትኑር በእምባ ገደላችሁን እኮ,positive
በናታቺሁ የእናትን ስቃይን አታሳዩኝ,neutral
ስትሄድ ስከተላት የኛ የስደት ህይወት ከርዕሱ ይመሳሰላል ጊዜው ይሄዳል እኛም ስንከተለው ስንከተለው  በቃ....,neutral
የራሴ ሂወት እራሱ ፊልም ሁኖብኛል,neutral
ያምራል ቀጥሉበት,positive
ዋው በጣም ደስ ይላል ተመችቶኛል ይመቻቹ አቦ,positive
ወይይይይይ በተለይ መጨርሻው።,neutral
መልካም ነው,positive
ምርጥ ፊልም ግን እስከዛሬ ሳላየው የት ተደብቆ ነው,positive
መጨረሻው ደስ ሲል,positive
በሳቅ ልሞት ነው,positive
ዋው እንደት እንደሚያምር ሁላቹንም እወዳቸዋለሁ ,positive
የሰው ወርቅ አያደምቅ በትክክል 100% ምርጥ ፊልም ነው በተለይ ለእውነተኛ ፍቅር ሲባል እማይገባበት ቀዳዳየለም!!!,positive
ትዳሬም ሠርጌም ትዝ አስባላችሁኝ ኤጭ ወይኔ,neutral
ዋው ዋው ያምራል እናመሠግናለን,positive
ውይ,neutral
ምርጥ,positive
ዋውውውው ደስ ይላል የኔስ መቼ ይሆን ሰርጌ እትትትት,positive
ዋው በጣም ደስ ይላል ተመችቶኛል ይመቻቹ አቦ,positive
ይሄን ፊልም አይቼ ጋደኛዬን የደበኩትን ነገር ነገርኩት መልስ አላገኘውም,neutral
ወድጄዋለዉ,positive
ወይኔ ፍቅር በፊልም ብቻ ሆነ ምን እናድርግ,negative
በጣም ይደብራል,negative
ምርጥ,positive
ዋዉ በጣም ደስ ይሚል አጨራርስ,positive
ዋው ቀለል ያለ ፊልም መጨናነቅ የሌለበት ደስ የሚል,positive
ወይኔ እንዴት ደስ ይላል መጨረሻው,positive
በጣም ደስ ይላል ትግስት ጥሩ ነው,positive
ለሁላችንም  መልካም  ልብ  ይስጠን   አሪፍ  ነው   ደስ ይላል,positive
ዋው መጨረሻው ደስ ሲል,positive
ዋዉበጣም ደስ ይላል ቀጥሉበት ፍቅር እንዴዚነው,positive
ኣሪፍ ነው ያገሬ ልጆች  ቀጥልበት,positive
ገና ሳላየው ያስጠላል ይላሉ,neutral
ሲያሥጠላ ቲሽ,negative
በጣምነው  የሚያስጠላው  አሁን  ምን  የሚሉት  ፊልም  ነው  የሰራችሁት  ስታስጠሉ,negative
አሁን ፊልም ሰራቹ ነው ሚባለው,negative
ኤጭ ስታስጠላ,negative
ወይኔ ይሄም ፊልም ነው የሚባለው ወይ ጉድ ስራ ማጣት,negative
እናመሰግናለን በርቱ አሪፍ ነው,positive
ይሄ ፊልም እቃ እቃ ጨዋታ ነው ሚመስለው,negative
ባማረኛ ፊልም አሁን አሁን ከሆነ ምን የአህል የበዛን እና ክብር የአታን እንደሆነ እየተሰማኝ ተስፋ እቆርጣለሁ አማረኛ ፊልምው ሁሉ በቃ ሴትን ልጅ ማረከስ የጭ,negative
አቦ የመቻችሁ የእውነት ደስ ብሎኛል,positive
መጨረሻው የምር ውሸት ነው,negative
ያምራል የልጅነት ፍቅር መቼም አይረሳምም!!!!,positive
አይ ፍቅር በፊልም ብቻ ሁነህ ትቀር,neutral
ኤጭ ምንም አይጥም,negative
ዋው በጣም ድስ ይላል,positive
ዋው በጣም እሚያምር ነው እውነትም ለፍቅሬ ስል,positive
በጣም አሪፍ ነው,positive
ዋው,positive
ደስ ይላል,positive
በጣም ቆንጆ ፊልም ነው,positive
ወይኔ ደስ ሲል,negative
ወይኔ ፍቅር በፊልም ሆኖ ቀረ,neutral
በጠም በጣም ያምራል ያላየችው እዩት,positive
ዋው ለመጀመርያ ጊዜ አድስፊልም በሰአቱ ሳይ,positive
በጣም አሪፍ ፊልም ነው ምርጥ አክተር ነው ልጁም በብቃት ተወቶታል,positive
ፊልም ብሎ ዝም ነው,positive
እንዲህ አይነት ፊልም አይቼ አላውቅም ብላችሁ ታምኑኛላችሁ የማያስቅ የማስለቅስ ኮስተር ያለ ፊልም wow አቦ ይመቻችሁ,positive
አቤት አቤት ያበደው ዘመንንንንን,negative
ህይወት ሲያነቦት እንጂ ሲኖሩባትትርጉም የላትም ዋው እናመሰግናለን !!!,positive
ግን ሴቶች ለምንድን ነው ፈጣሪያችሁን ማትፈሩ እባካትሁ እፍረ ይኑባችሁ,negative
አሪፍ ነው,positive
እያለቀስኩ ጨረስኩት ፍቅር ያሸንፍል እፍፍፍ ምናለግን ፊልምላይብቻ ባይሆን,positive
ይገርማል 4 ሰው ብቻ ክክክክ,negative
አረ ሰዋች የት እያመራን ነው ዛሬ ባደባባይ ሰትሳሳሙ ፊልም ለቀቃችሁ ነገ ደሞ እንደ ኮሪያ ፊልም ያለማፈር ሰሩ,negative
ዋው በጣም ደስየሚል እስከዛሬ ካየዋቸው አማርኛ ፊልም እደዚፊልም ያስተማረኝ ያዝናናኝ የለም በርቱ ቀጥሉበት,positive
አሪፍ ነው ቀጥሉበት,positive
መቼ ይሆን የኢትዮጵያ ፊልሞች ምርጥ የሚሆኑት?,negative
አሪፍ ፊልም ነው በርቱልን,positive
ዋውውው በጣም ደስ የሚል ፊልም ነው ግን እስከዛሬ የት ነበርኩ ሳላየው!!!,positive
ኧረ ሲሪህን ከፍ አርገው ዮናስ ተብዬው,neutral
ዋው።በጣም ደስላል ተመልክቱት,positive
ፊልሙ በጣም ያስለቅሳልም ያስቃልም. ዋውው ቆይ ግን አይቼ እነግራቹሀለው,neutral
ደስ ይላል ግን በቀል ጥሩ አይደለም አባትዩ ተሳስቶዋል,positive
ዋው በጣም ያምራል ግን በ4 ተዋንያን ብቻ ኣለቀ,positive
ክክክክክ እኔ አውንስ የምር ፍቅር ፍቅር የሚባለው ነገር አስጠላኝ በፊል እንጂ በትገባር ምንም የእለም የዘንድሮ ወንድ ከኦነ ...ብር ብር አይናቹ ብር ይበል,negative
5ነዉ ያይሁት በጣም ነዉ ደሥ የሚለኝ,positive
ክክክክክክክክክክክ ኧረ ሸባው ግደልከኝ በሳቅ,positive
በጣም አሪፍ ፊልም ነው  በሃይማኖት ሳይለያዩ ሙስሊም እና ክርስቲያን ደስ ሲሉ,positive
እፍፍፍፍፍፍ ይሄን ፊልም ካየሁት ቀን ጀምሬ ውስጤ ሆኖ ቀረ የምር በጣም ደስስስስ የሚል አስተማሪና ትዝታ አዘል ነው .ደስ የሚለው መጨረሻ ላይ መገናኘታችሁ።,positive
በጣም ሚያዛዝን በጣም ሚገርም ፊልም ነው ወድጄዋለው ቀጡሉበት ግን እደ እኔ ያስለቀሰው ካለ ላክ ግጩኝ,positive
የእናት ፊልም ውስጤ ነው ስራየን ስጨርስ አየዋለሁ ለእናቶቻችን እድሜና ጤና ይስጥልን ከስደተኞቹ ፈጣሪ ይጠብቀን ስደት በቃ ይበለን,positive
ይመቻቹ በጣም ኣሪፍ ፊልም,positive
እጅግ በጣም አስተማሪ ነው ወድጀዋለሁ,positive
ዋወወ በጣም የሚያምር ፊልም ነው ባየው የማይሰለቼኝ,positive
ዋውውውመጨረሻው ያምራልግን አስለቅሶኛልኦፍፍ።።,positive
ልዩ ነው በጣም አሪፍ ነው የሚያስተምረው እንደዚህ አይነት ነው የምንፈልገው ለኛ ብዙ ድርሻ አላችሁ አሁን ይሄ ጣእም የለም ከቻላችሁ እባካችሁ እደዚህ አይነት ደራሲወች ፈጣሪ ያብዛልን።,positive
ወይኔ ለ3ተኛ ጊዜ ሳየው ደስ እሚል ፊልም ነው,positive
ዋውውውውውው በጣም ያምራልልልልልል,positive
በጣም ምርጥ ፊልም ነው,positive
በጣም ደስስስስስስስ ሲልልልልል,positive
መጨረሻው  በጣም  ነው  የሚያምረው,positive
ምርጥ ፊልም ባየው ባየው አልሰለቸውም,positive
ዋውውውዎ በጣም ያስተምራል,positive
አሪፍ ነው ያስተምራል,positive
ክላሲካሉ ከተዋናዮቹ ድምፅ በላይ ነው እንዴት ድምፃቸውን እንስማ እሺ,negative
ዋው ደስ ይላል በጣም,positive
እነሱን እንዳምጥ  ሙዚቃውን እንዳምጣት ኡኡኡኡኡኡኡኡኡኡኡ ሲረብሽ,negative
ፊልሙ  ቆንጆ ነበር የሙዚቃው ጬኸት አላሠማ አለን እንጂ,negative
ተመችቶኛል,negative
ፊልሙ ደስ ይላል ምትጨምሩት ድምፅ ግን ያስጠላል,negative
ፊልሙ አሪፍ ነበር ግን ክለስከሉ በጣም ይራብሸል,negative
ወይኔ.ሲያምር.በጣም.በጣም.በጣም.ከምንም.በላይ.ያምራል.አስተማሪ.ፊልምነው.ቀጥሉበት.ይመቻል ዋውውውውውውውውውውውውውውውውውውውውውውውውውው,positive
ምንድነው ክላሲካሉ ከድምጹ በልጦ ረበሸን እኮ እንዴ,negative
ከሰወቹ ድምፅ ክላሲካሉ በጣም ይጮሃል  በዚህም ድራማውን ማዳመጥ ከባድ ነው,negative
ፊልሙ  በጣም  አሪፍ  ነበር    ግን  የድምጽ  ችግር  አለው,negative
አረዲያ እንከን አያጣቹም እናንተን እንስማ ክላሲካሉን,negative
ሙዚቃው ያማል ፊልሙን ለማየት,negative
ዋውውውውውውውውውው ደስ ሲል ዋውውውው ይመቻቹ,positive
ምን አይነት ድራማ ነዉ በኤርፎን አድርጌም ድምፃቸዉ አይሠማኝም,negative
አብዛኛው የኢትዮጵያ ፊልሞች  ድምጽ ጥራት የለውም መሻሻል ያለበት ነገር ነዉ ምንም ታሪኩ ጥሩ ሆኖ ሳለ ለባክ ግራወንድ የሚጠቀሙበት ዘፈን ወይም ክላሲካል ድምጽ  ከፍተኛ ስለሆነ ታሪኩ አይሰማም ይሻሻል እላለሁ።,negative
አሪፍ ነበር ግን ድምፅ አይስማም,negative
በክላሲካው ብቻ ሳላየው ቀረው ስታስጠሉሉሉ,negative
ኣቦ ድምፁን ኣስተካክሉት,negative
ፊልሙ ቆንጆ ነበር  ስለ ክላሲካሉ ግን ይድፋችሁ ደነዞች,negative
ምነው እንዲህ ትረብሹናላችሁ በሙዚቃ! እነሱ ከሙዚቃው በላይ ናቸው እኮ .ምን ሆናችሁ ነው እንዲህ ያረጋችሁት,negative
ጥሩ ሆኖ ሳለ ግን ምናለበት ሰዎቹ ሲያወሩ እንኳን ሙዚቃው ቢቀር።,negative
ምንድነው ከናተ ድምጽ የሙዚቃው ጩህት ኣበሳጨኝ ከምር,negative
በጣም ደስ የላል,positive
ያበሻ ፊልም ድሮ ቀረ ምንም አይል,positive
በጣም  አሪፍ ነው ትምህርት  ሰጭ ነው ቀጥሉበት,positive
በጣም አሳዛኝ ፊልም ነው ፍፃሜው ግን መታረቅ ነበረባቸው,neutral
ዋው በእንባ ነው የጨረስኩት,neutral
በጣም ያሣዝና የጓደኛ ምቀኛ ይሠውረን አሜን,neutral
የቆየ ቢሆንም አስተማሪ ነው.,positive
እፍፍፍ  ልብ  ይነካል  ወይ  ሤት  መሆን,neutral
ይሄንን እንኮን በፌት የሰርቁት ግዜ አይቼዋለሁ ይመችሽ ቁጥር ሱስትን ሳልጨርሰው አጠፎብኝ ከቻላችሁ ፕሊስ ደግማችው ፖስቱልን አንዴ መቼም የሌባ ተባባሪ ሆነናል,negative
እረ በፍጠራችሁ የስው ድካም የስማችሁ,negative
በሉ ገባ ገባ በሉ የተሰረቀፊልም ተደብቀን እንይ,negative
ዋዉ! በጣም የሚያስደስት ፊልም! እርስዎ የአማርኛ ፊልም  የቅርብ ጊዜ የኢትዮጲያኛ ፊልም ፊልሞች መመልከት አለባቸው,positive
በነካ እጃቹ ሶስት ማዕዘን ስረቁልን,negative
ጎበዝ ደራሲ ምርጥ ተዋናዮች,positive
ሰረቁትም አልሰረቁትም እኔን ተመችቶኛል፡፡,positive
ይህን ያክል ምን ያክል ገንዘብና ግዜ ፈጅቶባቸው ይሆን የሰረቃችሁ አይለፍላችሁ አሜን,negative
ግን ተለቆ ነው ተስረቆ አይተን ሳንጨርስ አንድይጠፋ,neutral
እኔ  ምለው ይህን ፊልም አይቸው አለሁ፡ባልሳሳት ተሰረቀ ምናምንእያሉ..,neutral
ምርጥ ነወ ላይክ ማድረግ አይርሱ,positive
በጣም ደስ የሚል ፊልም ነው ከፊልሙ የተማርኩት ነገር #እኔ_እሞታለው የሚለውን ሁላችንም ስልካችን እስክሪን እናድርግና መልካም ሰው እንሁን,positive
የኢትዮጵያ አርቲስቶች እግዚአብሔር ይርዳችሁ እንጂ ይህ ህዝብ እንደ ሆና መቼም አይረዳችሁም,positive
አምላኬ ከመርካቶ ሌባ ጠብቀኝ,negative
ክክክ ደስ ይላል ትምህርት አለው,positive
ፊልሙ ያምራል ትምህርት ይሰጣል ውይ ኮመንታችሁ ደግሞ እንዴት,positive
መጨረሻው ነበር የናፈቀኝ አየሁት ምርጥ ነው ይመቻችሁ,positive
እውነት በጣም ይገርማል,neutral
ክክክክ ሀርፍ ነው ያስቃል,positive
ምድን ነው እረሢስጠላ,negative
ይሄ ፊልም የሚገርም ነው ሁሌም እንደ አዲስ ፊልም ነው,positive
እረ ቃል የለኝም ያ ንን ዘመን እንደገና ወደሁአላ የተመለስኩ ያህል ነው ሚሰማኝ እውነት እጅግ በጣም ሊደነቅ ሚገባው ፊልም,positive
ይሄ ፊልም ሳይሆን ጭውውት በሚል በ5 ደቂቃ መጠናቀቅ የሚችል ድርሰት ነው ፣ ያሳዝናል ይሄን ፊልም,negative
ቆንጆ ፊልም ነዉ ግን ሚሥትህን ሣታሥደሥት  አለቀ ብዬነበር ከነ ልብሥ ነዉ እንዴ  ኦ  ያሣዝናል,positive
ትምህረት አዘለ ነው እናመሠግናለን  ሰንቱ ትዳር ነው የፈረሰው በዚህ ምክነያት,positive
ምርጥ ፊልምነው እየተፈላለጉ ስሜትን መደበቅ ስራስራ እያላችሁ ሚስቶቻችሁን የዘነጋችሁ ባሎች ተማሩከዚህ,positive
ቀሽም ፊልም። ምናለ ካልሆነላችሁ ብተዉት ትች,negative
ፊልሙ አልገባኝም ምን ሊያስተላልፍ እንደፈለገ አልገባኝም የወረደ ፊልም ነው,negative
በጣም የሚያሥጠላ ፊልም ነው ከሁሉም የተመቸኝ የግርምሽ ጎደኛ ብቻ ነው ርጋታው ምክሩ በተረፈ ሌሎቹ አይጥሙም,negative
ይሄ በጣም የምዎደው አንዱ ፊልም ነው! ይመቻል!,positive
ምንም አይነት ፊልም ደግሞ ማየት አልወድም በተለይ ፍፃሜውን ካወኩት አላይም ግን ይሄን ፊልም ዘንድሮም እንዳድስ እያየሁት ነው ከልብ የማይጠፋ,positive
ለ 59ኛ ጊዜ ከማየቴ የተነሳ ሸምድጄዋለው በቃ የምርጦች ምርጥ ኮሜዲ ነው ወደፊትም በፍቅር አየዋለው,positive
የወንዶች ጉዳይ ሀቂቃ ለመጀመሪያ ጊዜ ከዛሬ 8አመት ከቤተሰቦቸ ጋር ሁኘ ነበር የሚገርመው ነገር አሁንም በስደት አለም ሁኘ አጠግበውም,positive
ባየው ባየው የማይስለቸኝ ፊልም,positive
በጣም ነው ደስየሜለው,positive
በጣም ነው የሚያምረው  ኡፍፍፍፍፍፍፍ  እንዴት ደስ ይላል ከሚወዱት ጋ በናፀነት   መኖር ፍቅር በፊልም ብቻ ሆነ  ተው ወንዶች  በእውነተኛ  ማንነታችሁ ታማኝ አፍቃሪ  ሁኑ    ደስ ስትሉ በርቱልን,positive 
ተኮል የለለበት ፊልም ያስደስተኛል,neutral
ፍቅር በፌልም ብቻ ሆኖ ቀረ ዘንድሮ,negative
ልጁን ወድጀዋለሁ በቃ ያበጠም ካለ ይፋዳ,neutral
ገና ሳላየው በኮሜን ጠገብኩት ምርጥ ነው መሰለኝ በቃ ልየው ኣትረብሹኝ።,neutral
በጣም ምርጥ ፊልም ነው,positive
ትዉዉቃቹ ነው ከምንም በላይ ደስ ያለኝ,positive
እውነተኛ ፍቅር ያለው ፊልም ላይበቻነው ምናለ ከነሱ ትምህርት ብንወስድ በተለይ ወንዶች,positive
እደዚህ ፊልም ተመሥጨ ያየሁት የለም በተለይ ወንዱ በፈጣሪ,positive
ደስ ስትሉ። አንተን መሳይ ይሰጠኝ ጌታ!,positive
በጣም ደስ ይላል ታምራላችሁ,positive
ውይ ደስሢል።ከሚወዱት ሠወ ጋር,positive
ምንም አይልም ግን በድርሰት የተሠራ አይመሥልም እያሠባቹ የምታወሩ ነው የሚመስለው ብቻ ጀማሪ ናቹ ።,negative
ምርጥ ብዬለው::ሀዋሰችን ደግሞ ፊልሙን ያባለጣ ውብ አረገው,positive
ዋውውው ልጁ በጠም ተመቸኝ ፍቅር ግን በፊልም እና በዘፈን አለቀ እንጂ,positive
በጣም ታምራላቹ በርቱ ትንሽ ትወና ይቀራቹሀል,negative
ዋዉደጋግሜባየዉ አልሰለቸዉም,positive
ሀገሬና ሰፈሬ ይሄ ፊልም በመሰራቱ አዝኛለሁ ናልኝ እንቅልፌ አንተው ትሻለኛለህ,negative
ዋው በጣም ደስ ይላል አሪፍ የፍቅር ታሪክ ነው,positive
ዋውውውውውውው እውነት እንደት ደስ እንደሜል,positive
ልጁ መሳጭ ነው ዋዋዋዋ,positive
የቆየ ነው ግን ያላያችሁ እዩት,neutral
ፉቅር የሆነ ፊልም ነው,positive
ዋው በጣም ደስ ይላል በእውነት አስተማሪ ፊልም ነው ማን እዳገሬ,positive
ዋው በራሴ እድተማመን አርጎኛል,positive
በጣም አሥተማር ፍልም ነው አድናቂያቹ ነኝ !!!,positive
ወይ  ይሄን ፊልም ስወደው  ስንት  ጊዜ  አየሁት  እንዳንተ  አይነት  ፍቅር  የሆነ ባል  ይስጠኝ  ያረብብብብ,positive
እዴት እኮ እደምታስቀኝ ሳቅና ፍቅር የሚለው ተመችቶኛል ሺ አመት ኑሩልኝ,positive
ዋውውውውውውው በጣም ያምራል ብዙ ቁም ነገር አለው አጨራርሱም ሁሉ ቀጥሉበት,positive
ዋውውው ምርጥ ፊልም ነው ተስፋ አለመቁረጥን ያስተምራል ደሞ ባገር ሰርቶ መለወጥ እንደሚቻል   ያስተምራል ቀጥሉበት...,positive
በጣም ታምራለች በ እንባ ና በሳቅ ነው የጨረስኳት በጣም ኣስተማሪና ኣስቂኝ ፊልም ናት,positive
ሁለቱ ተዋኒያኖችንም በጣም ነው ማደንቃቸው,positive
ዋውው በጣም አሪፍ ነው ቀጥሉበት,positive
መጀመሪያ ላይ ደሜ ፈልቶ ነበር አሁን ግን ደስ አለኝ,positive
ከመጀመሪያ እስከ መጨርሻ ሳቅ በሳቅ ማል ልክነክ የሀበሻልጅ መሆን ያኮራል እጅ አያሳፈርም ሶ በታም አስተማሪ ነው,positive
ክክክክክክክ እረ ካሜራማኑ በሳቅ ገደለኝ,positive
ዋው በጣም አስተማሪ ድራማ,positive
አቤት ካሜራማኑ በቃ የስራው ባህሪ ነው እንዴ ክክክክ,neutral
አሪፍ ነው ሀበሻ መሆን ኩራት ነው,positive
ውይ ትዳር አፈላላጊው ሲያምር,positive
ሁሉም ፊሊም እደዚህ አይነት ትምርት ያለው ቢሆን ሥደት ይብቃ ብዙነገር አሣጥቶናል ሀገሬ አየሯ በቂ ነው,positive
ያለው ይጨመርለታል ምርጥ የስኬትን መንገድ ያሳየ ምርጥ ፊልም ነው ማህደርዬ እወድሻለሁ,positive
ዋዉ    ተመቻቹኝ   በፊልም   ማስተማር    ማለት   እንድህ    ነዉ     ይመቻቹ !!!!,positive
ዋው በጣም ደስ የሚል አዝናኝ  እና አስተማሪ ፊልም ባለመኖር ውስጥ መኖር እና ተስፍ አለ።ያን የምናስብ ግን ጥቂቶች ነን ።,positive
ለመጀመሪያ ግዜ መጨረሻው ያማረ ፊልም አስተማሪ ነው ቀጥሉበት,positive
በውነት በጣም አስተማሪ ነው ሁላችሁ እወዳችሁ አለሁ,positive
በጣም ደስ ይላል የይቻላል መንፈስ ይታይበታል,positive
ዋዋዋ በታአም ደስ ይላል  በዚዉ ቀጥሉበት,positive
አይቸው አይቸው የማልሰለቸው ምርጥ ፊልም,positive
ዋውውውውው በእጣም አሪፍነ,positive
በጣም አስተማሪና አዝናኝ ነው እውነትነው በሃሳብ መጥናት እንጂሁሉም ያልፋል የማይለወጥ የለም ሳምሪ ልክእንዳች አይነት ቢኖርብዬ እመኛለው ደስ ይላል በጣም,positive
በጣም ወድጄዋልው እያዝናና የምያስተምር ታርኩ እንዳትረሳ አድናቂህ ነኝ,positive
ኣንደኛ የሆነ ፊልም ነው! ውድድድድ ነው ማረጋቸው,positive
በፊልሞች ውስጥ እንዲህ ትውልድን የሚቀርጽ መልዕክት ማስተላለፍ የቻለ ድንቅ ስራ! ተባረኩ!,positive
በጣም ትምህርት የሚሰጥ አሪፍ ፊልም ነው ይሄንን ፊልም ካየው በውሃላ ለአመታት ተስፋ ቆርጬ የነበርኩ እኔ ዛሬ ላይ ግን ውስጤ ተነሳሳ እኔንጃ ብቻ ከብዙ ውጣውረድ ተከትሎ ስኬት እንዳለ ውስጤ ኣመነ።አመሰግናለው በጣም ብዙ ከዚ በላይ እጠብቃለው,positive
ዋው በጣም አስተማሪ ነው በጣም ደስ ሚል የመጀመሪያ ጊዜ አስተማሪ ፊልም,positive
በጣም ደስ ይላል ያስተምራል ሁሉ ነገር ከታገሱት የማያልፍ የለም ከታገሱት ሴኬትን ማግኘት ይቻላል,positive
ዋውውው አስተማሪነው,positive
ዋው በጣም ሀሪፍ ነው,positive
ዋውው በጣምምምም ደስስስስስስስ ይላል,positive
ዋውዋው በጣም ያምራል በጣም ምም ይመቻችሁ,positive
ዋው አሪፍ ነው,positive
በጣም አሪፍ ነው ግን ሀብታም እንዲህ ያደርጋል,positive
ዋውውውውውውውውውውውውውውውውው  ተመቻችሁኝ,positive
ዋው ምርጥ ሴት ነሽ የኔ ቆጆ እኔ ራሱ ብዙ ተማርኩ ከት።ትሽ,positive
በውነት በጣም አስተማሪ ነው ሁላችሁ እወዳችሁ አለሁ,positive
በጣም አስተማሪ ነው በርቱ,positive
ዋው በታም አስተማሪ ፋልም ነው የሰው ልጅ የቲም ሰርቶ መለወጥ ይችላል አላማ ካለው ሳራን ጎበዝ,positive
ደስ ይላል ብዙ ትምህርት ይሰጣል በተለይ ስለ ህይወት,positive
በጣም አሪፍ,positive
ሴቶች በ ፊልም ብቻ ነው ድሃ ወአንድ የሚወዳ ዝም ብላቹ ኣትለፍሉፉ,negative
አንዲህ ኣይነት ፊልም ለምየት በመብካቴ ደስተኛ ነኝ።ከሁሉ ላሁኑ ለታዳጊ ለውታጣቶ የሚመች።።።።።ለዛ አና ጨዋታ ያለው።።።።በታም ኣመስጊናለሁኝ,positive
ኡኡኡኡኡኡኡኡ እብድ ያለ ፊልም ይበልጥ ለኛ ተስፋ ቆርጠን ለምንባዝነው በርቱ አቦ በጣም ሚመች አስተማሪ ፊልም,positive
ዋውውውውውው እንደት ደስይላል,positive
ዋው አስተማሪ ነው ቀለበት መንገድ ላይና ያለፈ ህይወት ወደኋላ አይዞርም,positive
በጣም ታምራለች በ እንባ ና በሳቅ ነው የጨረስኳት በጣም ኣስተማሪና ኣስቂኝ ፊልም ናት ሁለቱ ተዋኒያኖችንም በጣም ነው ማደንቃቸው,positive
ዋው በጣም በጣም ምርጥ ፊልም,positive
ዋው ከአስር ጊዜ በላይ ነው ደጋግሜ አየሁት ግን አልጠገብኩም ከምር በጣም አሪፍ ፊልም ብቻ አይገልፀውም ይመቻችሁ አቦ::,positive
እስክ ልመልከተው እንደ ኮምንቱ ላይ በጣም ይልስደስታል መሰለኝ,positive
ኮከቦች,positive
ግድ  አፉቅረኝ  ይደብራል,negative
አከበዳችሁ ባሁኑ ሳአት እንደዚህ አይነት ሰው የት ይገኛል,neutral
ያምራል,positive
ዋው  እንደት ደስ ይላል ቃላት ያጥረኛል ለማድነቅ,positive
ሴጣን ተስፋ የለዉም ግን ተስፋ  አይቆርጥም ሠዉ ተስፋ አለዉ ግን ተስፋ  ይቆርጣል  ይች  አባባ  ወድጃታለዉ  እዉነት ነዉ አንድን ነገር ደጋግመን  ሣንሞክረዉ ተሥፋ እንቆርጣለን  ፍልሙ በጣም  አዝናኝ  አሥተማር  ነዉ !!!,positive
ይህን ፌልም አይችው አለሁ ነግር ግን አሁን በጣም ስለተነደደሁ ድጋሜ አየሁት,neutral
ለወጣት ልብ የሚሆን ምርጥ ፊልም!!,positive
በጣም ጥሩ ነዉ።ታሪኩ ግን ለየት ያለ movie ሰርተ አሰየን ከሴት ጀንጀና ዉጪ፣ አድናቂህ ነኝ አሁን ግን አንድ አይነት ስለምሰራ ያንተን ስራዎች ለማየት ብዙ አይደለሁም፣,positive
መጀመሬያ ኮሜንት ላብብ,neutral
ዋው በጣም ደስ የሚል እና አስተማሪ የሆነ የፊልም ነው ተስፋ ካለን ያስብንበት ቦታ እንደርሳለን,positive
ጭራሽ ኢትዮጵያን የመሰለች ትልቅ ሀገር ከሲኦል ጋር ማወዳደር ይገርማል,negative
ዋው.በጣም.የሚመስጥ.ፊልም.ከምንም.በላይ.ትምህርት.ሰጭ.የሆነ.ፊልም.ነው.ፊልም.አያለሁ.ግን.እንደዚህ.ያለ.ትምህርት.ሰጭ.ፊልም.አይቸ.አላውቅም.እወዳችሁ.አለሁ.በርቱልን.ጠክሩልን.እንደዚህ.ያለው.ፊልም.ላይ.ለማንኛውም.እናመሰግናል.ዋውውውውውውውውውውውውውው,positive
ዋውውውው ይመቻል,positive
እያዝናና የሚያስተምር ቆንጆ ፊልም፡፡,positive
ቆንጆ ነው በጣም,positive
እንዴት አባቱ እንደሚያምር እናመሰግናለ,positive
ኢቲዮጲይ ውሥጥ የሚያምር ፊልም የለም የሆኑ አናዳጅ,negative
ምንልበል በቃታምራላችሁ ደራሲውንበጣም አመሰግናለሁ።,positive
ዋው በጣም አስተማሪና አስቂኝ ድራማ ነው,positive
ሂወት እና ሳቅ ን የመሰለ ፊልም ግን የለም በርግጠኝነት የለም 100 ጊዜ ነው ያየሁት,positive
በጣም  አሥተማሪ ነው  ግን  ምን ዋጋ ለው  ሁሉም  ነገር  ፌልም  ላይ  ብቻ  ነው  እውነት  ተደርጎ  የሚሠራው  በተግባር  ቢሆን  መልካም  ነበር,positive
ዋውውውውው በጣም አስተማሪና አዝናኝ ፊልም ቴኪው በጣም,positive
ዋውው በጣም አስተማሪ ነው ብዙ ተማረኩ,positive
በጣም ምርጥ ፊልም ነው ካየህዋቸው ፊልሞች ኢሄን ፊልም አንደኛ አድርጌዋለሁ,positive
ታሪክ አንደኛ,positive
ዉይ ያምራል በጣም,positive
በጣም ያምራል ውድድድድ,positive
ዋው ከአስር ጊዜ በላይ ነው ደጋግሜ አየሁት ግን አልጠገብኩም ከምር በጣም አሪፍ ፊልም ብቻ አይገልፀውም ይመቻችሁ አቦ::,positive
ከምንም በላይ ደስ ይላል,positive
ቃላቶች ያጥሩኛል ምን ማለት እንዳለብኝ አላቅም,positive
እውነት በጣም አሪፍ አስተማሪ ነው ደስ ይላል ብዙ ቁም ነገር እና ጥሩ አባባሎችን ያስጨብጣል ደራሲው ዳሬክተሩ ተዋንያኖቹን ሁሉ አደንቃለሁ በርቱ እግዚአብሔር ይርዳችሁ ሀገራችን ቅድስት ኢትዮጲያን እግዚአብሔር ይባርክ አሜን።,positive
ክክክክክ ያንተ አያት ወረኛ ይኔ አያት አርበኛ ክክክክክ,positive
ሰወች በመሰረቱ ክፉ አይድሉም ክፋታቸው ጎልቶ የሚታየው ላልተፈጠሩበት አላማ ሲሄድ ነው! !!,positive
ሃሃሃሃሃሃሃ...አሪፍ ነው,positive
ውይ.ይህ.ምስኪን.ህዝብ.በጸሎት.እንዳይደፉን..አለ.እውነት.ነው,neutral
ምችት ይበላችው,neutral
ወየው አካፋና ዶማ ቻይናው ግን ከምር አማርኛ ስታወራ ጥርት ያለ ንግግር ነው,neutral
እደት ደስይላል,neutral
ክክክክክክክ ስታየኝ እህል እመስላለሁ ክክክክክክክክ,neutral
ክክክክክክክክ አረ ቀዮ,neutral
አየይይይይይ ቻይና ደሞ ጭራሽ አማረኛችነን ወረሳችሁነ ግን ደስ። ይላል ፊልሙ,positive
መጨረሻዉ በሳቅ,positive
ሲሆል አሳይታ መለሰችኝ ይመችህ,neutral
የአበሻሴት መቸም ለነጭ እኩዋን ብሩዋን ህይወቱዋን ትሠጣለች እሥከመቸ ነው በነጮች ምናመልከው እረ ወደራሣችን እንመለሥ,negative
የት ሂጀ ልሳቅክክክክክክክክ,positive
ዋው በሣቅል ፍነዳነው፡,positive
ልየው ያምራል,positive
ክክክክ ሀሪፍ ነው,positive
በግማሽ ተውኩት ደብርኝ,negative
ደፋር ያብዛቹ ይላል አይደብርህም ኢ/ያ ኢቶጵያውያን ብቻ ምንበዛባት ለማነኛውም አራፍ ነው,positive
ፊልም ሳይሆን እውነት ነው ነጭ ስናይ ውይ,neutral
የ መሳጭ ነው,positive
እነደዛሬው ስቄ አላውቅ,positive
ቅቅቅቅቅቅ ከምር አይስቁ ሳኩኝ በተለይ ሲጀምር,positive
አንተ ይሄ ምስኪን ህዝብ በጸሎት እንዳይደፋን ክክክክክክክክክክክክክክክክ,neutral
ዋዉ መጨረሻዉ,neutral
ልሹፈው መሰል ሳቅ በዝቶል ኮመንተሮች,neutral
ትገርማላችሁ,neutral
ያዴስ  አበባ ሀንታም እና የጨርቁስ ሰው ፌልም ላይ ብቻ ነው ፍቅር የሁኑት የማይመስል ነገር,neutral
ይሄን ፊልም ካየሁት ብዙ ጊዜ ሆኖኛል ደግሜ ማየቴ ነው ሁሁም የተሰጣቸውን ካራክተር በሚጠባ ተወጥተውታል,positive
ቢታይ ቢታይ ቢታይ የማይሰለች ፊልም ብሎ ዝምምም ብዙ ጊዜ አይቸዋለሁ,positive
የዘፋኙን ስም ንገሩኝ,neutral
በጣም ደስ የምል ፊልም ነው እስት የወደዳቹት ላይክ እሩጉ,positive
ጥሩ ይመላል,positive
ዋው እዴት መጨረሻ ላይ እደሚያስቅ  ያምራል እሽ,positive
ዋው  ምርጥ  ፊልም   ነው  በርቱ,positive
ሀሀሀሀሀሀሀሀ,positive
ዋው ደስ ይላል,positive
ያስጠላል  ,negative
በጣም  ያስለቅሳል   ትልቅ  ትምህርት  ይሰጣል   የእናት  ዋጋ   ምን   ያህል   ውድ   እንደሆነች የዚህ   ሁሊ መከራ   ቀማሽ   እስዋ  ነበረች   አቃታት    ፈጣሪ   ከእንደዚህ   ያለ  መከራ   ይሰውረን    ይህች  አለም  የምትወደን   ሲኖረን  ብቻ,positive
ዋዉ  ምርጥ  ፌልም  ነዉ  አብሰዉ  ሌባአ  ሆነዉ  የሚሠራዉ  ልጅ  100  ላክእ,positive
በጣም የሚያሳዝን ነው ያስለቅሳል,neutral
ባየው ባዬው የማይሰለቸኝ ፊልም ፋሪስዬ የኔ አንደኛ,positive
ያላያችሁ እዬት በጣም ያምራል,positive
በጣም ሚደነቅ ትውና ያየሁበት የመጀመሪያ የኢትዮ ሞቪ ብዬዋለሁኝ እንዳያመልጣቹ ሲበዛ ፃድት ያለ ፊልም ነው ሙሉ ትወናው ሲደላ በርቱ,positive
ይሄን ፊልም ባየው ባየው አልጠግብ አልኩ እናት ለምን ትሙት ትሂድ አጊብሳ አይይይይይይይ,positive
ደጋግሚ ኣይቻለው በጣም ነው ያለቀስኩ,positive
ዋው በጣም ያምራል በተለይ መጨርሻው,positive
ዋው ቃል  የለኚም   በጣም  አሥተማሪ ነው,positive
ኡፍፍፍ  ይሄን ፊልም በባ ጨረስኩት  ሰዉ  የሰጠዉን መልሶ ያገኛል ተማሩበት,positive
ወይኔ ምርጥ ፊልምነው ጋይስ እዩት,positive
ውይ ደስ ሲል,positive
በጠም ዳስ ይለል  ያስታማር ቃጥሉበት,positive
በጣም ኣሪፍ ነው ወንድም ማለት እንደዚህ ግን እንባ የሚባል ኣልቀረኝም,positive
በጣም ምርጥ ፊልም,positive
አውነት እራፊ አይገልፀውም,positive
በጣም እጅግ ጥሩ ፊልም ነው።እናመስግናለን እፍፍፍፍፍ ያሳዝናል በመጨረሻም ቆንጆ ፊልም ውድድድድ,positive
ባየው ባየው የማልሰለቸው ፊልም ቢኖር ይህ ነው አቦ,positive
ማጀቢያ ሙዚቃዉ በጣም አሪፍ ነዉ,positive
እህህህህህ በጣም ያስለቅሳል,positive
ዋው  በጣም  ያስተምራል,positive
ይህ ፊልም በጣም ብዙ ጊዜ ነዉ ያየሁት ቀዉጢ ፊልም ነዉ ይህ ልጅ  በጣም ይመቸኛል,neutral
የምር፣በጣም፣ያሳዝናል።,positive
በጣም ትምርት የሰጠኝ ፍልም እና እንባ ዬን መቊቈም ያቃተኝ,positive
እንደዛሬ አልቅሼ አላቅም,positive
ዋዉዉዉዉዉ  እንዴት ደሥ  እንደሚል,positive
ፍፍፍፍፍፍፍፍእዴትያሳዝናል,positive
ዋው ምርጥ ፊልም,positive
ይገርማል,neutral
ፈጣሪ   ይጠብቅክ  ትልቅ   ምክርት   ነው,positive
ስንቴ አየሁት ግን ከማልቀስ አልታገድኩም,positive
እረዕሱ ምንድነው,negative
ወይኔ እርጋታው ምነው እውነት በሆነ ያስብላል ኡፍፍፍፍፍ ግን ምን ያደርጋል ሁሉም ነገር ውሸት ሆነ,negative
ወይኔ በጣም ነዉ የሚያስለቅሠዉ በጣም ደስ ይላል,positive
ቁስሌን  ነካችሁት  አመመኝ  በማልቀስ,positive
ዋው በጣም ልብየሚነካ ና ደስየሚል   ፊልም  ከልብ የተሰራነው በጣም ደስ ይላል,positive
የፊልም እርእስ ትክክለኛውን ፃፉ! የአክተር ስም አደለም ድርሰቱ የሆነ ስም አለው,negative
ምነው  ሽዋ   መጀመራያ  እንበየን  ጨራሽ  አሁድ  ጋሜ  ማን  ሞኝ  አለ,neutral
ያልተፈታህልም,neutral
የእውነት ደስ ይላል,neutral
ዋዉ ደሥ ይላል ግን በጣም አሣዘነኝ ዩሤፍ የኔ ከርታታ,positive
ታይሁት ቆይቻለሁ ግን ደግሜ ደግሜ አየዋለሁ ወይኔ ልጁ ግን ቀብራራነቱ የማርካል ያላያችሁ እውት,positive
እውነት ስንቴ እዳየሁት ግን ሁሌ አለቅሳለው ህፃኑ ልጅ በጣም ሰርቶታል,positive
9000 ያሜሪካን ዶራል ጉረኛ አፍህን  በመርፌ መስፋት ነበር,negative
ብ።  ብብ ብ።      ብብ።,neutral
አራት ጊዜ ደጋግሜ ያየሁትየመጀመሪያው የኢትዮጵያ ፊልም።እማምዬ ለዘላለም ኑሪልኝ።,positive
ምርጥ ፊልም ነው እናትነት ውስጤ ነው እናቶች እረጅም እድሜ ይስጣቸው ,positive
ማነው እንደኔ ፊልሙን የወደደው ዋው የኔ ልዪ ስወድሽለእናቴ  ቃላት ያጥረኛል ስወዳት ማሚ ፍቅር,positive
በጣም ደስ የሚል ፊልም ነው ቀጥሉበት ግን ተጋብታችሁ ቢታይ ያምር ነበር እውነት ።,positive
በጣም ደስ የሚል አንጀት አርስ ፊልም ነው እስቲ ከዚህ ፊልም ተማሩና አሳምራችሁ ስሩ እንደ ዛሬ የኢትዮ ፊልም አስደስቶኝ አያውቅም,positive
እንዲህ አይነት ፊልም አይቼ አላውቅም ብላችሁ ታምኑኛላችሁ የማያስቅ የማስለቅስ ኮስተር ያለ ፊልም wow አቦ ይመቻችሁ,positive
1ኛ ብየዋለሁ ይሄንን ፊልም እናንተ ኮመንተሮች ግን ማዳምን መቦጨቅ ትታችሁ ስለ ፊልሙ አስታየት አሰጡም,positive
በለዉ እንቅልፍ እንቢ ባለኝ ሰአት መጣቹልኝ እሲቲ እንየዋ እናመሰግናለን,neutral
አሪፍ ፊልም ነው እስቲ የተመቸው  ላይክ ይግጨኝ,positive
የሚገርም ፊልም ነው የእውነት እዩት እኔ አይቼዋለሁ በቃ ቃላት ያጣሁለት ነው,positive
እንካን ሰላም መጣችሁ ድብር ብሎኝ ነበር እናመሰግናለን,positive
ምን ያደርጋል ፍቅር መፅሀፍ ቅዱስ ላይ እና ፊልም ላይ ብቻ ተፅፎ ቀረ,positive
ዋውውውው ብያለው ሲያምር ግን ፍቅር በፊልም ብቻ መሆን ያስጠላል በተግባር የለም,positive
በጣም  ያምራል ።ኮሜቶች ምነው መጨረሻው  አያምርም በጣም  ያምራል,positive
በቃ ፍቅር በፊልም ብቻ ሁኖ ቀር ያምራል,positive
ዋውውውው በጣም አርፊ ነው,positive
አሁን ከዚህ ፊልም ምን ይወጣለታል,positive
ዋው በጣም ደስ ይላል ተመቸኝ,positive
ይህ በጣም የተጋነነ ውሸት ነው መቸም የማይደረግ ቢሆን እንኳን ማስታረቅ ነበረበት እንጅ እም ይህን ትምህርት ነው,negative
አረ  የቦርጫችን ነገር   ይታሠብበት  ሤት ወንድ  ሥደትላይ ያለን ተበላሸንኮ ፊልሙ ቆንጆነው,positive
አቦ የደላኝ ፊልም ነው,positive
ዋዉ አይገልፀዉም እጅግ በጣምምምምም ፀዴ ነዉ በጣም ደስ ይላል፡፡,positive
ብዙም አያምርም,negative
እጅግ የወረደ ፍቅርና ውለታን መለያየት ማሳየት የማይችል ዘማዊና ቆሻሻ የሆነ ድርሰትና ፊልም ነው። አንድ ሰው እንዴት የሌላ የሆነን ፍቅረኛ እግር በእግር ይከተላል ነውርም ድንቁርናም ነው። በተለይ የዋና ዋና  ተዋናዮችን  ብቃትና ችሎታ ግምት ላይ የሚጥል ደካማ ፊልም ነው ከዚህ በላይ የምስራት ችሎታ ያላችውን ብርቅ ተዋናዮች ይዞ ይህን መሰል የወረደ ስራ ማቀረብ ህዝብን መናቅ ነው። አዘጋጁም ሆነ ተዋናዩ መረዳት ያለበት ፍቅርና ውለታ የተለያዩ መሆናችውንና እንደ ባህላችንም ሆነ እንድ ምዕራባውያን የእንድ ሰው  እጮኛ  የሆነች ሴት ይህን መሰል አቀራረብ ፈፅሞ ተቀባይነት የሌልው ዘማዊነትን የሚያንጸባርቅ በመሆኑ ትውልድ እንዲማርበትና ሰውም እንዲዝናናበት በሚመስል መንገድ ,negative
ስራ እየሰሩ ፊልም ማየት ሲመች እየተከፈለህ ዘና ማለት,neutral
በናታቹ ላክ ግጩኝ አምሮኝ ነው ክክክክክክክ አድስ ገብ ነኝ,neutral
ዋው ሲኒማ ቤት ገብቸ ስላየሁት like እፈልጋለሁ የዜግነት ግዴታየን ተወጥቻለሁ ፩ እኔ ነኝ እርር,neutral
ላይክ ግጩኝ የምትሉ ከግድግዳጋ ተጋጩ,neutral
እድሜ ለሌቦች ይህ እስኪለቀቅ ድረስ እኔ 12 ሁለት ልጆች ወልጂ አሳድጊ። አስተምሪ አስመርቃለሁ,neutral
ሌቦችየ እድሚያችሁ ይርዘም ግን ተሎ አታጥፉብን,negative
ምጊዜ አያችሁት እና ለኮሜት በቃችሁ,negative
ሹፉት ፀዴ ነው,positive
ማሮች,positive
እድሜ ለሌቦች,negative
እናመስግናለን በጣም ደስ ይላል,positive
ዋውውውው በጣም ያምራል,positive
ምንድን ነው ጭሱ በዛ ጭሳሞች በተረፈ ያምራል,positive
እና መሠግን አለን በጣም ጥሩነውመዳሜ ሽበካውን ዘግታባኚ ቆየ ገና እያየሁት ነው,negative
ዋውውውውው ሲያምርር,positive
እናመሰግናለን,positive
ስውድህ,positive
የሚገርም ፊልም ነው ።ለካ በቁማር ሚስትም ይያዛል,positive
ያምራል ውስጤ ናችሁ,positive
እናመሰግናለን ያላያችሁ እዩት። ተመችቶኛል,positive
ዋው በጣም ደስ የሚል አስተማራ ፊልም ነው ዋውውውውው በርቱ ሀይማኖት ክርስትያናው ምግባራ ማለት እንደዚህ ነው ዋውውውው,positive
ይመቻቹ,positive
ሀሪፍ ነው እናመሰግናለን,positive
ዋውውው በጣም አሪፍነው ፊልም ነው,positive
ክክክክክክክክክክ። ይመቻችሁ,positive
ሌባችዬ አናመሰግናልን ።በነካካ እጃችሁ ያብደች አራዳን ስርቀለን ።,negative
በጣም ደስ ይላል,positive
በእናታችሁ የ6 ወር እርጉዝ ነኝ የላይክ አምሮት ሊይደፋኝ ነው,positive
እነመሰግነለን ደብሮኒ ነበር,positive
በለው ጭስ ውስጤ ነው,neutral
ምርጥ ነው,positive
አደኛ ነኝ ግጩኝ,neutral
ወይ። የናተ ነገር,neutral
ወይ ጉድ,neutral
አቦ ይመቻቹ,positive
አራፋነዉ አስተመራነዉ ሱሰኛነኛ  ለኔ ትምህራት ይሆናል  አመሰግናለሁ  ከሱስነፃ እንሁን,positive
ኤጭ,neutral
በሰባት አመት ደግሜ አየሁት ስወደው,positive
በሳቅ ልሞት ነው,positive
የሰው ወርቅ አያደምቅ በትክክል 100% ምርጥ ፊልም ነው በተለይ ለእውነተኛ ፍቅር ሲባል እማይገባበት ቀዳዳየለም!!!,positive
የሤት ወንዳወንዷ ሥታምር ይመችሽ አቦ,positive
እምባየ ጠብ እስኪል ነው የሳኩት ይመቻችሁ,positive
ምንአለ  እውነተኛ  ፈቅር  በፊልም  ብቻ  ባይሆን?,neutral
በሳቅ ገደላችሁነኝ ምርጦች፡፡,positive
ምርጥ ነው,positive
ዋው በጣም ከምባሎ በላይ ደስ ይላል ግን በሳቅ ሞትኩት,positive
ከምንም ከማንም በላይ ሀሪፍ ነው,positive
ከምኔው  አይታችሁ  ኮሜንት  ውይይይ,neutral
ማንነት በመልክ አይደለም ወይንም በልቢስ ሁሉም ለበጎ ነዉ,neutral
በሣቅ ንፍር አረጋችሁኝ,neutral
ዋዉዉዉዉዉዉ በጣም አሪፍ ደስ የሚል ፊልም ነው,positive
ምናለ ፍቅርምእደፊልም ቢሆን,neutral
ዋዉ ወደድሁት በጣም ደስ ይላል,positive
ዋው ደስይላል በርቱ,positive
ልሹፈው፣ደስይል፣ንገሩኝ፣ያየችሁት,neutral
አሪፍ ነው ይመቻል,positive
ደሥይላል ተመቸኝ,positive
አተ እሷን አፈቀርክ እኔ አተ አፍቅሬ ተቃጠልኩ የማይገኝ ነገር ማሰብ,neutral
ደስ የሚል ፊልም ነው ዋውውው,positive
አደኛ ነኝ ዛሬ ላይክ በሉኝ አይከፈልበት,neutral
የመጀመርያየ ነው ኮመንት ስሰጥ  ደስይላል,neutral
#እውነት ለመናግር አስተማሪ ነው ድህነት ማለት ንፁህ እና ክፈት የሌለው .ሰላም ነው #ትልቅ መልክት ነው ላይክ እናርግላቸው,positive
እኔ ሁሌም ደስ ካላለኝ ኮመንት አልሰጥም  አሁን ግን ስላየሁት በጣም አሪፍ ስለሆነ እንድታዩት ጋብዣለሁ ,positive
ሁሌ ሀብታምና ደሀ ኤጭ በቃ ሙድ ቀይረ፪ ደሀና ደሀን አሳዩን እኛ ድሆች ላይ ነው ድርሰት ሚያምረው,negative
በምርጥ ተዋንያን የተሠራ ምርጥ ፊልም,positive
የኔ ለቅሶ እንደሆነ  ሰአት እና ግዜ አይገድበውም እንኳን ፊልም ሆነ  ፊልም መሆኑም እያወኩ ማልቀሴ ኖ የሚገርመኝ እጭ ለመሞት የኖርን ለመኖር መጨነቅ,neutral
አረ ደሀ የገንዘብ እንጅ የአይምሮ ደሀ አትሁኑ ያኔ ሙሉ ሰው ትሆናላችሁ,neutral
ኡፍፍፍፍፍ እናንተስ ለብራችሁ ነው እኛን በነጻ አታስለቅሱን,positive
አይ እናት ሀገሬ አረቄ ቤቶችሽን በወጣቶች አደመቅሻቸው🤔 ወጣት እምነቱን ሀገሩን እራሱን ሲጠብቅና ሲያደምቅ ነው ሚያምርበት!!!,neutral
የዚህ ፊልም አድናቂ የሆናችሁ ሰብስክራይብ አድርጉኝ,neutral
ፓርት 2 ቢኖረው ይበልጥ ያምራል ይመቻችሁ,positive
ላለ ማልቀስ ታገልኩ ግን ከላይ ባይፈስ ከስር አነባ አይኔ በጣም ያሳዝናል,positive
ው በጣም አሪፍ ነው ወይ ድህነት! !!!!,positive
እናመሰግናለን ጥሩ ፊልም ነው,positive
ፊልሙን ሳላይ እኮ ኮመንት ማንበብ ጀመሩን,neutral
ደጋግሜ አይቼዋለሁ ሁሌም አዲሥ ነዉ ለእኔ ምርጥ እና አሥተማሪ ፊልም ነዉ።,positive
እኔ ምለዉ የኢትዮጲያ ፊልም እንጊሊዘኛ ካልገባበት አይሆንም ማለት ነዉ ምናለ በራስ ቆንቆ መኩራት ቢቻል የዉጪ ነገር መቼም ብርቃችን ነዉ,negative
በጣም ደስ ይላል ግን በልቅሶ ጨረስኩት አምላኬ ሁሌም እናት አባት ሞት ባይኖር,positive
ውይይይይይይይይይ እንዴት እንደወደድኩት,positive
ምርጥ ፊልም!ሁሌም የወንዶች ከልብ የመነጨ ጓደኝነት ያስደምመኛል,positive
ሰው መሆን ብቻ በቂነው የሰውን ሃሳብ ለመረዳት ብቻ በጣም ደስ የሚል ነገር ነው,positive
ትምህርት ሰጪ ነው  እናመሰግናለን,positive
ዋውውውው በጣም አስተማሪና አሳዛኝ ታሪክ አለው ሁላችውንም እናመሰግናለን,positive
አይኔ አበጠ ያለቀስኩበት አይይይይ እዳው ምናለ ባታስለቅሱን ስጋራናመጠጥ እደማይጠይቅም ያመለክታል,positive
ውይ ሲያሳዝን።,neutral
ሲገርም ምርጥ ፊልም,neutral
ምርጥ ፊልም እስከዛሬ ሳላየው ያላያቹ እዪት የምር ያምራል,positive
ያስለቅሳል ያስተምራል  ግን ፒርቲ ቢኖርው የበለጠ ደስ ይለኝ ነበረ  በተረፈ ኣሪፍ ነው ትንሽ ኣጠር ብለዋል,positive
መወለዉ ቋንቋ ነዉ ከሚለዉ በላይ ያሳየን ፊልም ነው።,positive
አጪበርባሪ ግን ለምንድነው እንድህ የምተደሪገው ወንድሜ እየልክ ግን የክሱን አርግፋከበት  በጣም ነው የምተስጣለው  ግን አላህ ሀደያ ይስጣችሁ,negative
ምድነው መጨረሻው ወይስ ፓርት 2አለው ፈጣሪ ሆይ ትግስቱን ስጠኝ,negative
ልዩ ወቅታዊ የሆነ ነፍስን የሚያረጋጋ መንፈሳዊ የንሰሃ መዝሙር!!!  ከታች ያለውን ሊንኩ በመጫን ይከታተሉ!!!,neutral
ፊልሙ አሪፍ ሆኖ ካለ,positive
ክላሲካል ይበዛቡታል  የድምፅ እጥረት  አለ,negative
ምንም እማይነፋ ፊልም።,negative
የነዚ ሴቶች የወደፊት ተስፋ ምን ይሆን? ያሳዝኑኛል። ለቤተሰቦቻቸው ሸክም።,negative
አሪ አኡኡኡኡኡኡኡኡኡኡኡኡ,negative
ምን ኣይነት ፊልም ነው በሂወትይ አንደዝ ኣየናት ፊልም ኣይች ኣልኪም,negative
በጣም አሪፍ ፊልም ነው። ደግሞም ሊሆን የሚችል ነገር ነው ወድጄዋለሁ።,positive
መልእክት የሌለው ነው።,negative
ሲያስጠላ ፊልሙ አንድ ቁም ነገር የለው ዝም ብሎ ቢራ + ጫት ትርጉም የለው ጭብጥ የለው ዝብርቅርቅ ያለ ነገር,negative
አስተላለቅ ጠላው,negative
ሴቶች register በማድረግ የስለምን ቤተሰብ ይሁኑ,neutral
እሺ እንየውና እኮምታለን ፈጣሪ ከዚህ በሽታ ይጠብቀን,neutral
ምንድነው ነው አሁን ይሄ ፊልም,negative
በጣም የሚመች ፊልም ነዉ ደግም ቂቤው ይመቻል ችኩቹ ኪኪ ናቸው,positive
ውይ የአዲሳባ ሴቶች ስታስጠሉ በጣም ትዘጋላችሁ,negative
ቀሽም ፊልም ነው ዮናታን ጎበዝ ተዋናይ ነህ ግን ይህ ካራክተር በጭራሽ ላንተ አይገባህም ነበር። በመሰረቱም ፊልሙ መሰራት አልነበረበትም ኪሳራ ነው። ለማንኛው ግዜያቹ ባታጠፉ ደስ ይለኛል።,negative
ምኑ ነው አስተማሪ ?,negative
በጣም ደሰይላል  አረ በለው አሜሪካ የመረጠው ልጂ ወድጀዊለሁ,positive
ምድረ ጫታም ጫታም ሴት ይደብረኛል,negative
መቸም ይህ ብር የማይሰራው የለም,negative
ግን  ኮሜንቶችን ግን ሳላደንቅ አላልፍም,neutral   
ስለበሽታው ነው እያወሩ ያሉት ዱአም የሚደርጉት ዋው,neutral
በስመአብ አረ ስንች አይነች ዋሻ ነው ያሎ በሀገረችን አዎይ ከንቱነት  ዌይኔ,negative
ይሄን ፊልም ሰለሞን JTV  ሪሞት እንዳያየው  ነፍ ስህተት ነው የሚያወጣለት  እኔ እንኳን ህፀፆች አግኝቼበታለሁ ።,negative
ምንድነዉ  መጨረሻዉ,negative
ድራማ. ወይም. የሲኦል. መደር. እርሱ. ባላ አደራው. ሳይሆን. እርሱ. መባል. ያለበት. ባለ. ሰካራም.    እስቲ. ከጫት. ከዝሙት.  ውጡና. ለየት. ያለ. ስሩ. ምድረ. ሲኦላም,negative
1 ስዓት ከ 25 ደቂቃ ማስታወቂያ ስለ ናይት ክለብ,negative
ለረመዳን ትንሽቀን ቀረው ሁላችንም ዱአ እናድርግ,neutral
አሹ የሚባለው ተዋናይ በጣም ጎበዝ ተዋናይ ነው።,positive
አጨራረሱ ግን ይደብራል,negative
ሜሮን ያላችኋት ልጅ ብዙ ፊልሞች ላይ አይቻታለሁ ሁለ ነገሯ የሚመቸው የልጆች ፕሮግራም ላይ ብቻ ነው።,negative
ምንም አያምርባትም።,negative
ደራሲው እራሱ መከሰስ አለበት 18 ዓመት ያልሞላትን ልጅ እዚህ ቦታ ላይ ማሳተፉ,negative
ደስይላል ለካ ፊልም ትምሮምናምን አትፉልግም ለካ,negative
እኔ የምለው የምታስተምሩን ዳኪራና መጠጥህ ብቻ ነው አይ ኢትዮጵያውያን,negative
አሁንማ እድሜ ለኮሮና ተዘጋ ለዘላለም ይዘጋ,negative
ተጫወታቹብን ይሁና ቤት መዋል ነዉ እንዲ ያጫወተብን,negative
አረ ሠወች ሥለፊልሙ አሥተያየት ሥጡ ውይ ሥትዘጉ,negative
የአዲሳባ ወዶችም ሴቶችም ጥፍት በሉ ስታስጠሉ,negative
ኣረ ገና ሳለየው በኮሜንት ኣስጠላኝ ኣድም ኣሪፍ ፊልምነው የሚል ልጣ,negative
ነጸብራቆች እናመሰግናለን አቦ በጭንቀት ልፈነዳ ነበር ምችት ይበላቹ,positive
ኤጭ ምን ሼ ነው አይነፋም,negative
ምንም አይነት ትምህርት የለውም።።።,negative
ምን ሚበል ፊልም ነው ቃልድ ነው ወይስ ምንድን ነው,negative
ውይይይይይ ሴቶች አሁንስ አስጠላችሁኝ ምን አይነት ድቄታም ብቻ,negative
ምድነዉ ማለቂያዉ የማይገባ ሥታናድዱ,negative
ምን አይነት ኮሮና የሆነፊልም ነው ኤጭ,negative
እንዴ መጨረሻዉ ምድነዉ አልገባኝም,negative
አሁን ይሄም ፊልም ነው ካልቻላችሁ ለምን አትተውትም የተረት መፅሃፍ story በስንት ጣዕሙ እባካቹ ተመልካቹን የዚን ያክል አትና,negative
እዴት ነዉ እንቅልፌን ጥዬ ልይው አሪፍ ነዉ ወይ ....?,neutral
እንዴ  እየቀለዳችሁ  መሆን አለበት  እንዴ  በቃ አለቀ ማለት ነው  ክክክክክ  ይህ ነው መጨረሻው,negative
ትግስቱን ስጠን በቃ ኣለቀ ሆሆ ምን እንበለዉ??!,negative
በጭስ መመጠጥ ባልጋ በጭፈራ አለቀ ምንኑም ሳይገባኝ ቱቱቱቱ,negative
ፊልም ነው ወይስ ድራማ,negative
በቃ ፊልም ለመስራት አንድ የሙዚቃ ክሊኘ ላይ መውጣት ነው አበቃ አይ ጥበብ,negative
አሁንስ ከኮሮና እኩል እየተለቀቀ  ነው የኢትዬ  የፊልም ስራዎች።,negative
ኡፍፍ መልካም ዜማ ያሰማን የአባታችን ብፅዑ አብነ ጎርጎሪዮስ መረከታቸው ይደርብን,negative
ረ ጥሬ ተከልክሏል ኮሮና  ኮሮና ተረሳ ርቀትዎን ይጠብቁ አይደናገጡ,neutral
ውይይይይ አፈ ቅቤ ልበጩቤ ጋደኛ መስሎ ጥላት ልክ እንዴ አሹ አይነት አለቅላቂ እና ተኮረና አላህ ይሰውረን አሚን በሉ,neutral
ይሄ ሺሻና ጫት ግን ምንን ለማስተማር ነው ደንዝዛችሁ ህዝቡን አደንዝዙት እሺ,neutral
አራ ኮሮነ እኘን ጭንቃት ሊገድለን ነዉ ጭራሽ  ጨት፣ ሺሻ፣ ሲጋራ አረ ሼ ነው።,negative
ወይ ስተስጠሉ,negative
መጨረሸ የሌለ ፍልም ማያት ሰለቸኝ..,negative
ቆይ ግን መጨረሸ ምን ሆኑ?????ቀልበችን አትገፈፉ,negative
አጨራረሱ ማያምር ፊልም ያስጠላኛል በጣም ነው የተናደድኩት,negative
ምን አይነት ፊልም ነው እርግጠኛ ነኝ የተሰርቀ መሆን አለበት ,negative
እንዴ ይሄ ነገር መች መች ነበር እሚታየው? እንደተከታታይ ድራማ ያልቃል እንዴ 😅ለነገሩ ቺኮቹ ቺኮቹ ያሉበትን ፓርት እያሳለፍኩ ነው ያየሁት,negative
ዮናታን ስላለበት ባይሰረቅ ደስ ይለኝ ነበረ ግን እናመሰግናለን እንደ ወረደ ስለ ጋበዛቹን,positive
አይ እዮሀ ኢንተርቴመንት ለላ ሲትኮም ፊልም አመጣችሁብን ደሞ እረ ዘጠንኛው ሺ ይግደለን ደሞ ለዚ ብየ 1:20 ደይቃየን ማባከኔ,negative
ቡዙም አይነፋም የፊልሙ አጃማመር እና ፍፃሜው አይስማሙም,negative
እደው ጥልጥል ብላችሁ ቅሩ ምን የሚሉት ነው መጨረሻው,negative
ውድ ሙስሊም እህት ወንድሞቼ ኑ አዲስ የዩቲዩብ ቻናሌን ሰብስክራይብ አድርጉ የተለያዩ የኡስታዞቻችን ዳዕዋ አዲስ መረጃ ወዲያው ከተፍ ይልላቹኃል,neutral
ተጫወታችሁብን ለዬትብ መልቀምያ ፊልም እየሰራችሁ !!,negative 
ምድርን ከረበሸው ኮሮና ፈጣሪ ያጥፋልን,neutral
መጨረሻው የገባው የስ ረዳኝ,negative
 በተረፈ አሪፍ ነው,positive
አጨራረሡ የአናድዳል,negative
ነጸብራቅ እናመሠግናለን ከጭቀት ገላገላቹን ኮረና ኮረና እያሉ አስጨነቁን,neutral
ይቅርታ እንደ እርእሱ አይደለም ያስጠላል,negative
ማንም ባያየው የሚመረጥ ሀገር ፊልም አይኔን ቀለድኩበት,negative
ምንድነው ፊልም  መጨረሻው  ቁጥር 2 ይኖረዋል,negative
አሜን አሜን አሜን ግድ ነው በፀበላችን በእምነታችን,neutral
ሲያስጠላ ምን አይነት ነው ፊልሙ ወሬ,negative
ቀዥቃዣ ወድ፡ያሥጠላኛል,negative
ማነው እደኔ ባስነጠስው ቁጥር አንድ ኪሎ ስጋ እሚቀንስ,neutral
ከኮሮነ ፈጠሪ ይጠብቀቹ ይጠብቀን,neutral
ፍልሙ መጨረሻው እንዴት እንዳ ምየምሪ,positive
አልጨረስኩትም አየዋለሁ ግን ዲምፁ ይረብሻል የረበሸው አለ እኔን ብቻ ነው,negative
ምኑም የማያስተምር ፊልም ይከን አየሁ የሱስ ጎሬ,negative
እሰኪ እንየው ሰሞኑን እቤት ሰለሆንን ከጭንቀት መልሰ ፊልም እናያለን ሰላም ለሀገሬ ህዝብ እመኛለሁ።,neutral
ምንም ቁምነገር የለእውም,negative
መጨረሻው ይደብራል ፓርት ፪ ከሌለው,negative
እውይ አርጊሌ ዘጊዎች,negative
መጨረሻውን አሳዩን ባካቹሁ,negative
የሚለፈልፈው ልጅ  ሲያስጠላ,negative
እስኪ እንሹፈወ ደቀ ብልን,neutral
ቆይ ሙዝቃዉ እንሰማ ወይሰ ፍለሙን,negative
በቃ መጨረሻው እደዚህ ነው,negative
ጠላሁ በጣም የወረደ ፊልም,negative
ሠዉን  መዉደድ  እጅ ማመን አያሥፈልግም   መጨረሸዉ  ግን  አይመሥጥም,negative
ድነዝምናችሁም አያምርም,negative
ወይ ሴቶች መጬስ መቀም ልቦነ ይስጠቹ,negative
ኣርቲስት ነን ስትሉ ትንሽ እፈሩ,negative
የመጀመርያው ቀሽም ፊልም እጭ,negative
ከሁለቱም አንዱን ሳይዝ ሲያሥጠላ,negative
አፈር ብሉ አጨራረሱ ሲያስጠላ,negative
እሄን ፊልም ሳየው ብርታትናጥካሬ ይሰማኛል,positive
በጣም  ደስ  ይላል   መልካም  ልደት  የወኒ  ሺኮኮ,positive
ውይ ስቴ አየውት ስወድክኮ ባባዬ,positive
እውነት ውድድድድድ ነው ይደረካቺው ስታምሩው,positive
እረ በሳቅ ገደለኝ ባባየ,positive
ትምርት ያገኝወበት በይወተ እኔነቴን የፈተኩበት ፍልም በጣም አሪፍ,positive
እናቴ ትንሽ ታገሽኝ ኣንድ ቀን ኣኮራሻለው,neutral
ዋውው በጣም ምርጥ ፊልም ነው ጎበዞች ቀጡሉበት,positive
ደስ ይላል ምንም አይልም በርቱ,positive
አይ ሀብታሞች ብር ሸቀጥ እጅ ፍቅርን አይገዛም እሽ ተማሩ አይ ድህነት እደኔ ልቡን የሰበረው ውይ ማጣት አይኔ እያያት ላጣት,neutral
በገንዘብ ምክንያት ፍቅረኛዬን ስላጣውት እያለቀስኩ ነው የጨረስኩት,positive
ኡፍፍፍፍ እንዳት  ደስ የሚል ነው አይ ፍቅር ፊልምላይ ብቻ ሆነ እንጂ,positive
ቆየን ካየነው እንግዲህ ደግመን እንደበርበት እንጂ,positive
ትንሹ ልጅ በጣም ይመቸኛል፡፡፡,positive
በሺታ በስደት ላይ እንዴት ይከብዳል እስኪ ፈጣሪ ይማርሺ በሉኝ,neutral
አሞኛል ዱአ አርጉልኝ ስወዳቹ,neutral
ባልና ሚስቱ የተወኑበት ምርጥ ድራማ  የሶል እና ቤቲ ስወዳችሁ,positive
በእውነት ቆንጆ ፊልም ነው ውድ ኢትዮጵያን በሙሉ የሰው ልጅ መጀመሪያው ምንም ይሁን የሰው ልጅ መጨረሻው ሲያምር ነውና እግዚአብሔር የሁላችንም መጨረሻችን ያሳምርልን,positive
መጨረሻ ላይ ያለውን ዘፈን ልቀቁልን ፊልሙ እራሱ ያምራል,positive
ሰሞኑን ሶደሬዎች አልተቻላችሁም አቦ ይመቻችሁ,positive
ሰሞኑን  በሰላም ነው ስትለቁ በተከታታይ  ስትጠፉ በተከታታይ  ለማንኛውም  ፊልሙን አላየሁትም  ከስራ መልስ ሰለፊልሙ አስተያየት  እሰጣለሁ ,neutral
ስራችን ጨርሸን እናያዋለን,neutral
አለም ሰገድን ማየት የናፈቀው,negative
ሰላም ለሀገራችን ፍቅር ለወገኖቻችን,neutral
ሶልዬ ስወድህ እኮ በፈጣሪ ይድሜና ጤና ይስጥህ ከነቤተሰቦችህ,positive
ሾፌ እመለሳለሁ ,neutral
አቤቱአምላኬ ለንሰሀ ሞት አብቃኝ ሀገራችንን ሰላም ያርግልን ወገኖቼ,neutral
ኦፍፍፍፍፍፍፍፍፍ እመብርሀን ለንስሀ ሞት ታብቃን ልቤን የባሰ አሳሳዉ አይ ስደት,neutral
ሠላም እህት  ወንድሞቼ  በስደት ያላችሁ  ፈጣሪ  ከክፉ ነገር  ይጠብቃችሁ  💚💛❤ኢትዮጵያ  ሀገራችንንም  ሠላም ይሁንልን. ምርጥ  ፊልም  ነው,positive
ቆንጆ እንደሚሆን ጥርጥር የለዉም ልየዉና,neutral
ጎሽሜ ላቭ ዩ lolምንጊዜም የ እንግዳሰው(ቴዲ)አድናቂ ነኝ,positive
ክክክክ ኧረ ባልና ሚስት ደስስስስስ ሲሉ,positive
አሪፍ ነው አስመሳይ ሰው ድሮም መጨረሻው እሄው ነው ቀጥሉበት ደስ ይላል,positive
የስደት እህቶቸ ሰላማችሁ ይብዛልኝ ወቶ ከመቅረት ይሰውረን ህልማችን እውን ሁኖ ለሃገራችን መሬት ያብቃን,neutral
ወይ ጡንቻ ማማሰያ እጅ,negative
ውድ ያገሬ  ልጆች አምላክ ፍቅርና ሠላሙን ያድለን ።ድንግል እቅፍ ድግፍ አድርጋ በሠላም ላገራችን ታብቃን።ያላያቹ እዩት ምርጥ ፊልም ነው።,positive
1 አመት አለፈው ከተለቀቀ  እኔ ገና አየሁት ወይኔ ይህ ልጅ መቼ ነው የሚወፍረው #ቴድዬ ስወድክ,positive
ደስ ይላል ፍቅር አሸናፊ ነው ፍቅር ለዘላለም ትኑር,positive
እጅህን ስጥ አለኝ ፈረንጅ ፥ እጅ ተይዞ ሊወሰድ፥ ምን እጅ አለው ... ሎሬቱ የገጠመለትን ጀግናውን አፄ ቴዎድሮስን ምነው ስሙን መጥራት ዳገታችሁ??? የታሪክ ቡዳዎች!!!,negative
እናመሰግናለን የስደት መዝናኛ እናንተን ባናገኚ በጣም ምርጥ ፊልም ነው,positive
ቴዳዬ ስወድክ,positive 
ያምራል,positive
ለሀዘን ማረሳሻ ነው ፊልሙ በታሜ ደብሮኛል አቦ,positive
አስተያየት አራዳ ሲኒማ አርማችሁ ከቪድዮው ማስነሳት አለባችሁ ቦታውን ይዞታል አመሰግናለሁ,negative
አርፍ ነው እናመሰግናለን አድናቂህ ነኝ ቴዲ በርታልን,positive
ውይ ይህ ቀጫጫ ልጅ የእውነት ቀጭን ነው በስማም ደግሞ ጡንቻ አለኝ ይላል እንዴ ቅቅቅቅቅ ምርጥ ፊልም ነው ቀጥሉበት አቦ,positive
ይሄ ሰውዬ ምን ሆኖ ነው የራብ ዘመን ማስታወቂያ መስሎ የቀረው,neutral
ያምራል እንግዳሰው (ቴዲ) ያለበት ፊልም ይመስጠኛል,positive
ቀጮዬ ስውድክ እኮ የምተውናቸው ሁሉ ይመቹኛል,positive
እረ ሙዚቃው ጮኽብን ኡኡ ስለ አባቱ ምንም መስማት አልቻልንም,negative
ለየትኛው ጡንቻ ነው,neutral
ሁሌ እስፖርት እንደሰራ ነው,neutral
ዋው ይመቻቹ ደስ ይላል,positive
ዋዉ እንዴት ደስስይላል! በቃ ምርጥ ፊልም ስራነዉ!,positive
እረ ፍቄ እንዴ ዛሬ በሳቅ ነው የገድልክኝ በይኽድክብት ፉንቃ ጥብ ያርግሃል እንዴ ይምችህ አቦ ስውድክ,positive
ዋው ደስ ሲል ሁለታችሁንም እስውዳችሁ,positive
ምንም አይጥም,negative
ቲሺ ሰአት ማቃጠሌ,negative
ደሥይላል,positive
የሚገርም,positive
እስኪኑጋይስ እንመሠጥ  በናታችሁ 100ላይክ ግጩኘ ተወራርጂነው,neutral
አጥንታችሁ እንደ ሉሲ አጥንት አፈር ይናፍቀው፡፡ የሔ አዲስ ፊልም አይደለም,negative
 አይነፋም የታየ ነዉ,negative
ዋውውው ብአስተማሪ ፊልም ቀጥልበት,positive
ክክክክክክክክክክክክክክክክክክክክክክክ አይ የኢት ፊልም  እዳው በቃ ፍቅር በፊልም ከመሆኑ መጨርሻ ተጋቡ ወይም,negative
በጣም፡ ያምራል,positive
ሰላምዬ ውድድድድድ ኑሪልኝ,positive
የቆየ ቢሆንም አርፊ ፊልም ነው,positive
ጌታ ሆይ እንደዝህ አይነት አማች እንዳትሰጠኝ እኔ ትግስቱን የለኝም መዳሞች ትግስቴን ጨርሰውታል ደሞ ባማቼ ልቃጠል,neutral
ስላም ስላም የአገሬ ልጂች ዛሬ ደብሮኛል ስደት ከፍኝ,neutral
ወይኔ የናይጄሪያ ፊልም በጣም ነው የምወደው ሼር ለጓደኞቼም ቀጥሉበት,neutral
መጨረሻው ተመችቱኛል ምክንያቱም ባል ቤተስቦቹን ይተዋል ከሚስቱም ይጣበቃል  እንደሚለው,positive
የምር ደስ ይላል ሌላም ካለ,positive
ናይጄርያዎች አማርኛ ማውራት ጀመሩ,negative
የኢትዮጵያ ወንዶች ፊልም ላይ ብቻ ነው ፍቅር ይዞቸዉ ሚሰቃዩት ኡኡቴያም ሁላ,negative
አሰፍ በጣም ማፈቅረውን ልጅ ስደት አሳጣይ አረብ አገር ብር እንጅይ ፍቅር የለውም,neutral 
ስንቶቻችን ነን በጣም ከምናፈቅራቸው ሰወች ጋ የተለያየን ደስት አይኑ ይጥፍ ፊልሙ ብዙም ባይሆን ግን ትንሽ አስተማሪይ ነው,neutral
ደስይላል ሳያት እናዳንኤል በጣምአደንቃችሁአለሁ,positive
አቤት ሳያት ቆንጆ ሚካፕየለ ምን የለ በጣም ቆንጆ ማር ነገር,positive
ሳያትዬ የኔ ቆንጆ  ስእነስራትሽ አለባበስሽ በጣም ግርም ነው በሪቺ,positive
አይዛችሁ  ጥሩ  ነው  ቀጥሉበት,positive
ሳያት የኔ ቆንጆ  በጣም ነዉ ምወድሽ የማከብርሽ የኔ  አመለ ሸጋ,positive
የተዋህዶ ልጆች ነገ አባቴ ቅዱስ ሚካኤል ነው ሊቀ መልአኪ ጠላታችሁን ከግራችሁ በታች ይጣልላችሁ የመዳምን ምላስ ይያዝላችሁ,neutral
እሚቆራረጠው ድምፅ እኛ እንድንሞላው ነው እንዴ,negative
ቆጆ  ነዉ ግን  እያዩ  መመኜት   ብቻ ነዉ  ትምህረት ወሰዶ የሚማረበት የለም እጂ  ፈጣሪ  ንፁህ ፈቅር  ይሰጠን  አሚን በሉ,positive
ዋው በጣም ሀሪፍ ነው   ይሄ ፍቅር የሚሉት ነገር ጨዋታው በፊልም ብቻ ሆነ ወዶችየ እስኪ አዳደ  እውነተኛ አፍቃሪ ለመሆን ሞክሩ ማፍቀርን  ቻሉበት,positive
ከምወድት ጋር መኖር እንዴት ደስ ይላል………,positive
በጣም ነው የሚያምረው  ኡፍፍፍፍፍፍፍ  እንዴት ደስ ይላል,positive
ተኮል የለለበት ፊልም ያስደስተኛል,positive
ልጁን ወድጀዋለሁ በቃ ያበጠም ካለ ይፋዳ,positive
ሲያዩት ያላማረ ሲበሉት ያቅራል እኔ እንደናንተ ሞኝ አይደለሁም በኮሜንታቹ አልሸወድም ምክንያቱም እኔ ከናንተ አፍ ሳይሆን እውነቱን የማቀው አይቼው ነው,negative
ባየው ባየው የማይሰለቸኝ ፊልም,positive
ተሟዘዙ,negative
ደስ ስትሉ። አንተን መሳይ ይሰጠኝ ጌታ!,positive
በጣም ደስ ይላል ታምራላችሁ,positive
ውይ ደስሢል።ከሚወዱት ሠወጋር,positive
ምንም አይልም ግን በድርሰት የተሠራ አይመሥልም እያሠባቹ የምታወሩ ነው የሚመስለው ብቻ ጀማሪ ናቹ ።,negative
በጣም ታምራላቹ በርቱ ትንሽ ትወና ይቀራቹሀል,positive
ሀገሬና ሰፈሬ ይሄ ፊልም በመሰራቱ አዝኛለሁ ናልኝ እንቅልፌ አንተው ትሻለኛለህ,negative
አሪፍ የፍቅር ታሪክ ነው,positive
ዋውው ፍቅር ያሽንፋል ተመቸኝ ይመቻችሁ,positive
ልጁ መሳጭ ነው ዋዋዋዋ,positive
ፉቅር የሆነ ፊልም ነው,positive
ህርጋታቸው ደስ ሲል,positive
ወይኔ ደስስስስ ስትሉ!!!!,positive
ወይ  ይሄን ፊልም ስወደው  ስንት  ጊዜ  አየሁት  እንዳንተ  አይነት  ፍቅር  የሆነ ባል  ይስጠኝ  ያረብብብብ,positive
አዴት ያምራል ልጁ በስማም።,positive
ከርፋፎች ይሟዘዛሉዴ?,negative
ዋዎ  ደስ ሥትሉ ፈጣሪ እንደዚሕ ይግጠመን አቦ ከሥደት መልስ,positive
ስፈልገው የነበረ ፊልም,positive
የጥበብ  መጀመሪያ እግዚአብሔርን  መፍራት ነው,neutral
ዋው ኮፊ ከ ኬፋ ኬፋ ስለሆንኩ ደስ ቢሎኛል የቡና መገኛ የ ቦንጋ ልጆች ላይክ ግጩኝ ቢንዬ አንድኛ ነክ አይ አሜርካ ምተዱ ተነቃባቹ እኛስ አርቢ አገር ለ ፅዳት የታወቀ ነው ክክክክ,positive
ከየት ነው አትበሉኝ ይነገራል መልኬ በጣም አስተማር ፍልም ነው ከመጥፎ ጎዴኛ አላህ ይጠብቀን,positive
መጀመሪያ ላይ ደሜ ፈልቶ ነበር አሁን ግን ደስ አይልለኝ,positive
በጣም ዴስ ይላል ምርጥ የጀግናልጂ wwww ፉቅር ያሸንፉል,positive
ውይአሜሪካ ጉድነው በሳቅቅቅቅቅቅ,positive
እስኪ እደኔ እናቱን በናፍቆት የናፍቅ ማነው,positive
የፊልም ጥማት ሊደፋኝ ሲል ነው የመጣቹት,positive
ነገ እኮ 15 ቅዱስ ቂርቆስ ናቸዉ እንኳን አደረሳቹ ምልጃቸዉ፣ፀሎታቸዉ ይጠብቀን,neutral
በጠም የወረደ ድራማ እንዴት እርጉዝ ወይን ትጠጣለች ????,negative
ዛሬ  በጣም  ነው ደሰ ያለኝ  አልሀ ምዱሊላህ,positive
ምድረ ጂላ ጂል,negative
እኔን ብቻነው ወይስ ሁሉንም ነው ምንም አይነት ፊልም አይመስጠኝም እደበፊቱ,negative
በጣም አስቀያሚ በተለይ የልጅ እናት ሆኖ መስራት ስልክ የጠፍብሽ አትመስይም አትችይም,negative
ፕሮፍይሌን በመጫን ሰብስክራይብ አድርጉኝ,neutral 
የሰው ስኬት ሚያስደስተው ሰብስክራይብ ያድርገኝ,neutral
የሃገራችን የተጨማለቀ ፖለቲካ ከመስማት ይሻላል እንጅ ፊልሙስ ብዙም እይነፋም,negative
ስታስጠሉ ሞዛዞች ይሄ አሁን ፌልም ነው ወይስ,negative
ከኣሁን ኣሁን የልጅቷን ኣርቲፊሻል ፀጉር ከራሷ ላይ ንፋስ ወሰደው እያልኩ ስጋት ገደለኝ።,negative
ፊልሙ የሜካፕ አርቲስት ያለው አይመስልም... እንዴት እንዲህ ዓይነት ፀጉር እንዲኖራት ያደርጋል።,negative
ቆይ ግን ልጂቷ ኬክ በልታ ነውእንደ ያረገዘችው በላች አርግዛ አይናት ካለየሁ አላምንም ተኙና አሳዩን ክክክክ,negative
አጀማመሩ አሪፍ ነው አጨራረሱ እኔ እዳልጨርሰው ፈራሁ እጂ ክክክክክ,positive
ውይን ምን አይነት ድራማ ነው  በአንድ የመያስርግዝ እኛም ከስደት መልስ ቶሎ እናርግዝ ክክክ,negative
እርጉዝ ነኝ ላይክ ግጩኝ,neutral
እንደጠበኩት አይነት ፊልም አይደለም ዝም ብሎ ነው።,negative
አረ ምእመናን እንተሳሰብ ምድነው የቡና ጠጡ ወሬን የምታወሩት,negative
ስወዳችሁ ሰብስክራይብ አድርጉኝ  አትከፍሉበት,neutral
ወይኔ ቅጥነት ሳሙና ላይ የተሰካ ሰንደል አይደል እንዴ የሚመስለው,negative
የድራማ አሰራር ስሜት የሚባል ነገር የሌለባችሁ ተዋንያዮች ሲደብር,negative
ነፀብራቆች ተባረኩ በየወቅቱ ከች ትላላቹ  የልባድርሶች,positive
እናመሰግናለን ግን የሆነ የሚደጋገም ነገር አለዉ,positive
እናቴ አግቢ እያለች ጭቅጭቅ አደረገችኝ,neutral 
እስቲ ከዚህ ስቃይ ሚገላግለኝ በላይክ ሀሳቡን ይግለፅልኝ,neutral
እንደ ኢትዮጵያ ፖለቲካ የበከተ ፊልም,negative
የወረደ ድራማ ነው ድምጽ ወዘተ ይደብራል,negative
እስኪ ስለፊልሙ አስተያየት ስጡ እነ በጥራቂት,neutral
መስራት ካልቻላቹ ተውት ይሄ አሁን ምን ይሉታል,negative
ወይ ጉድ ፊልም ሰራን ብላቹ ትጨውቱብናላቹ,negative
ዋው! በጣም ምርጥ ተግባር ነው። እንዲህ ነው ከህዝብ ወደ ህዝብ ማለት።,positive
ፈጣሪ ይባርካቹ,positive
መቸም የተወረሰ ነው የሚሆነው።,negative
በርቱ ጀግኒት,positive
ጎሽ.....ተባረኩ......,positive
እግዚአብሔር ይባርክሽ,positive
መልካም ነው ይቀጥል,positive
በርቱ ጠጠናክሮ ይቀጥል ክክክ,positive
ማራኪ ምርጥ ባለተስፋው መሪ ዶ/ር አብይ አህመድዋ100 አመት ንገስ የኛ ማራኪው መሪ,neutral
 ባባዬ ቶሎ ናልን ትናፍቀናለህ,positive
 እንኳን በሰላም ገቡ! !! በሉ ይሄም ፓለቲካ ነው በሉ ።,positive
 መሬት ጠብ እሚል ነገር አላየነም ያው ሙሥናው ቀጥሉአል ሥራ አጡ ኑሮ ውድነቱ ተባብሶ ቀጥሉአል,negative
ግርማው የአንበሳ ቁጣው የነብር,positive
 ይዞን ቢሄድ አሪፍ ነበር!,positive
 እንደ መለስ ዘናዊ አይነት ጀግና ኢትዮጵያ መቸም አታገኝም ። ዶ/ር አብይ ለጉብኝት ብቻ የተመረጠ መሪ ነው ። እመኑኝ ምንም ለዉጥ አስብ ::,positive
 ባለፈው ለላሊበላ እድሳት እርዳታ ጠየቊል...ዛሬስ?,positive
 አብያችን እኔና ቤተሰቤ እንወድሀለን የሌላውን አላውቅም ብቻ በሄድክበት ሁሉ ፈጣሪ ይከተልህ,positive
 ለምን ቀይ ባህር ጠልቆ አይቀርም ምን አገባኝ ለምን ሲኦል አይገባም,negative
 አደራ ከብቶቹ እንዳይርብሹ መቸስ እግሩን እየጠበቁ ማተራመስ ነው ስራቸው !!,negative
 ምን የጣልያን ውሻ መሰለሳ..ቅቅቅቅቅ,negative
 ስደት ነው?,neutral
አራ ኮሮነ እኘን ጭንቃት ሊገድለን ነዉ ጭራሽ  ጨት፣ ሺሻ፣ ሲጋራ አረ ሼ ነው።,negative
ወይ ስተስጠሉ,negative
አላሁ አክበር,positive
አላሁ አክበር,positive
አልሀም ድሊላ,positive
ኢንሻአላህ,positive
መጨረሸ የሌለ ፍልም ማያት ሰለቸኝ..,negative
ቆይ ግን መጨረሸ ምን ሆኑ?????ቀልበችን አትገፈፉ,negative
አጨራረሱ ማያምር ፊልም ያስጠላኛል በጣም ነው የተናደድኩት,negative
ምን አይነት ፊልም ነው እርግጠኛ ነኝ የተሰርቀ መሆን አለበት ,negative
እንዴ ይሄ ነገር መች መች ነበር እሚታየው? እንደተከታታይ ድራማ ያልቃል እንዴ 😅ለነገሩ ቺኮቹ ቺኮቹ ያሉበትን ፓርት እያሳለፍኩ ነው ያየሁት,negative
ዮናታን ስላለበት ባይሰረቅ ደስ ይለኝ ነበረ ግን እናመሰግናለን እንደ ወረደ ስለ ጋበዛቹን,positive
አይ እዮሀ ኢንተርቴመንት ለላ ሲትኮም ፊልም አመጣችሁብን ደሞ እረ ዘጠንኛው ሺ ይግደለን ደሞ ለዚ ብየ 1:20 ደይቃየን ማባከኔ,negative
ቡዙም አይነፋም የፊልሙ አጃማመር እና ፍፃሜው አይስማሙም,negative
እደው ጥልጥል ብላችሁ ቅሩ ምን የሚሉት ነው መጨረሻው,negative
ውድ ሙስሊም እህት ወንድሞቼ ኑ አዲስ የዩቲዩብ ቻናሌን ሰብስክራይብ አድርጉ የተለያዩ የኡስታዞቻችን ዳዕዋ አዲስ መረጃ ወዲያው ከተፍ ይልላቹኃል,neutral
ተጫወታችሁብን ለዬትብ መልቀምያ ፊልም እየሰራችሁ !!,negative 
ምድርን ከረበሸው ኮሮና ፈጣሪ ያጥፋልን,neutral
መጨረሻው የገባው የስ ረዳኝ,negative
 በተረፈ አሪፍ ነው,positive
አላህ ይጠብቃቹህ,positive
አላሁ አክበር,positive
እረ ፊልም ለዚም ዳይሬክተር ምናምን ይባላል,negative
እናመሰግናለን,positive
ውድ የተዋህዶ ልጆች ዛሬኮ አዛኝቷ ኪድየ ነች,neutral
ልየውና እኮምታለሁ,neutral
እርጉዝ እንዴት ዋይን ትጠጣለች ትክክለኛ ነገር አስተምሩ በደንብ ያልተገመገመ ፊልም,negative
ምን የሚል ፈልምነው እሂ,negative
አሪፍ ፍልም ነዉ   ቀጮን  ስወደዉ,positive
አገር ልገባ 3ቀን ቀረቶኛል በዱአችሁ አትረሱኝ,neutral
ኡፍ ላይክ ለማኝ ጠላው,neutral
በሚገርም ሁኔታ የእውነት አባትና ልጅ ነው የምትመስሉት እዬብና ማንዴላ,positive
ዛሬ እመቤቴ ናት,neutral
ከመጣብን መቅሰፍት እማምላክ ትታደገን ከልጇ ምልጃን ታውርድልን አሜን።,neutral
ዛሬ በጣም ደሰ ብሎኛል ለእናንተም ወላድተ አምላክ ያላሰባችሁትን ደሰታ ትሰጣችሁ,neutral
ደስስል በጣምደስብሎኝል በደስታልሞት ነው,positive
እንዴት ደስ ይላል ከ 4 አመት በኃላ በ2012 ዓ.ም  ስላየሁት,positive
እስኪ ልዬው ማዴላ ያለበትን ፊልም ሳላይ ማለፉ አልችልም,positive
አዲስአለም በጠም  ነዉ የሚወደሸ,positive
የግብጽ መጥፋት ግዝየው የደረሰ ይመስላል ፣ተዋግተህ ለማሸነፍየመሳርያ ብዛት ሳይሆን የአንድነት ሀይልና የጀግንነት ታሪኽ  ነው፣ማርያመን ፣ገለቱማ።,positive
አቦ ሙሉ ሙዝቃውን ብትለቁት ከለቀቃችሁት ሹክበል እምባ በእምባ በየጊዜው ይሄፊልምባየው ቁጥር,positive
ሳቅልኝ ነው ርዕሱ ምርጥ ፊልም ነው,positive
ስንት ደጋግሜ ልየው አቦ ማንዴላ ምንም ብትሰራ ይዋጤልሀልኮ,positive
አተ  ያለህበት  ፊልም  ሲያምር  ማንደላየ  ውዱ  ፍቅ,positive
እውነትም ኣድሳለም የኔ ምርጥ እግዚአብሔር ይጠብቅሽ!,positive
ልጁን የተለያዩ ሴቶችን መጥፎ ስራ እያሳያችሁት በፊልም ስራ ሴትን እንዲፈራ እና እንዲያፍር አደረጋችሁት ሕይወቱን እንዳይመራ,negative
በጣም ሚያዛዝን በጣም ሚገርም ፊልም ነው ወድጄዋለው ቀጡሉበት ግን እደ እኔ ያስለቀሰው ካለ ላክ ግጩኝ,positive
ባይገርማችሁ  ከኤፍ ቢ መደር ነው የመጣሁት ስሙን ጠይቄ,positive
ዋው በጣም ያምራል ግን እውነተኛ ፍቅር ፊልምላይ ቀረ እጂ,positive
እኔ ከፊልሙ የሚበልጥ ብርጥ ባለቤት ነው እግዚአብሔር የሰጠኝ,positive 
ታዲያ መራራ ነገርንን አልፈን ዛሬ እንደ እንቁላይ ነው የሚያየኝ ከነ ቤተሰቡ,neutral
ይህ ፌልም እኮ  የኔ  የህይወት  ታሪክ ነው  ግን  ላሳድግ ቸኝ እድሜ እና  ጤና ይሰጣልኝ።,positive
ደስ የሚል የሚጣፍጥ ልብ የሚጠለጥል,positive 
ብቻ ዋውውው የድሮ ፊልሞችን እደዝህ እያየን እንደበር ኮረና እደሁ አለሶጣንም,positive
ፊልም መጨረሻው ሳያምር ሲቀር ይደብረኝና አላይም ነበር ይህ ግን ዋውውውው,positive
አድስ ነው መሰል ሱስተኛ ነኛ ላይክ ስጡኛ,positive
ዋው ልዩ ነው በተለይ መጨረሻ ላይ እኔም ባገኘሁት ልክ እደዚህ ነበር እምቀበለው,positive
ዋው በጣም አሪፍ ፊልም ነው እናመሰግናለን,positive
አንዳንዱ ሲገፋን የሚወደን  የሚንከባከበን የሚወደን ይመጣል ግን የወደድነው መርሳት ይከብዳል,neutral
በጥም ከወደድኩት ፊልም አንዱ ነው   እያለቀስኩ ነው ያየሁት ምናለ እንደዚህ በእውኑ አለም ቢኖር,positive
አቤት   ሢምር  ቃላት  አጠረኝ,positive
ተጀምሮ እሰከሚያልቅ ድረስ በፍቅር ነው ያየሁት እያሳወነ እያስደሰተ ልብ የሚነካ ፊልም,positive
ፍቅር ደስታነው ከተባለ ታዳ ለኔ ለምን ስቃይ ሆነ ናሆሜ አፍቅሬሀለሁ,neutral
ኡፍፍፍ ደስ የምል ፍልም ፕሊስ ሴቶች ብርን አነብልጥ ትህግስት ይነረን,positive
ውይ አለቀ ዋው በጣም ምርጥ ነው,positive
የመጀመርያየ ፈተነ ፍቅሪ ትዝ አለኛ :ኮሮባቸወለሁ:ልጅነትየ አየ ልጅነትየ,positive
እር እንዴት ደስ ይላል እና,positive
ወው እንዴት ደስ የምል ፊልም ናው የልጁ ትግስት በጠም ይገሪማል,positive
ማነው እንደመኔ በቀን ሳያየው የማይውል,positive
እናት ትኑር ለዘላለም እውነት ልብ ይነካል,positive
ክክክክክወውውውው ፍቅር በኡናቱ ዳስ ይላል ግን አለማታዳላ ሆኖ አፍቅሬ እንጂ ታፈቅሬ አለቅም,positive
እህ በጣም ደስ ይላል እውነት ስራየን እረሳሁት,positive
በጣም ነው የሚያምር የጥሉበት ቢሠነብትም,positive
የዘንድሮ አዳም ከላይ ኬክ ከውስጥ ፌክ ናቸው,negative
አሰላም አለይኩም በስደት ያላችሁወገኖቸሰላም ናችሁ,neutral
የሚወዱትን የራስ ማድረግ ምንኛ መታደል ነዉ ሁላችንም ከሚወደንና ከምንወደዉ  ጋር ፍፃሜያችን ያድርግልን,positive
የማይጠገብ ፊልም ነው በጣም,positive
ፍቅር ፊልም ላይ ብቻነው ምን አለበት ወዶች ፊልምላይ እደምሠሩትም የእውነት ብታደርጉት,positive
በእጅ ያለ  ወርቅ እንደ መዳብ ነው ሴቶች ንቁ የእናንተን አዳም አጠገባቸው ፈልጉት ወርቁ መዳብ እዳይሆንባችሁ,neutral
አይቸዋለሁ በጣም አሪፍ ፊልም,positive
እናመሰግናለን አቤት ለሚዜዎቹ የቀረበው ጥሬ ሲያስጎመጅ,positive
የሚውድትን  የራስ  ማድርገ  በጣም  ደስይላል,positive
ጥርት ያለ ፊልም ነው ስለዚህ በእንቅልፍ ሰአቴ ተጎልቼ ላየው ነው,positive
አረ የኔ አዳም የት ነክ ሞተክም ከሆነ እርሜን ላዉጣ አሊያም ናና ከሤተላጤነት ልዉጣ,neutral
ውይይይይይይይይይይይይ ደስስስስስስስስስስስስ ሲል የኔስ አዳም ከቶ ወደት ይሆን ያለው,positive
በጣም የሚገርም ነገርነው  ሁሉም የእ/ሔር ፍቃድነው የሚሆነው,positive
ወንድ ልጅ ግን የሚወዳትን ሴት አሯሩጧትም ቢሆን ያገባታል ሴቶች አትሞኙ,positive
እኔ እኮ ግርም ሚለኝ አሪትስቶች የማያረጉት ነገር ሲያወሩ አስቃባጭ,negative
የኔ አዳምስ የት ይሆን በዚህ ስአ,neutral
ማህደር ካለችበት በቂ ነው,positive
አሪፍ።ነው።ማህደርአሰፍ።ሁሌም።አድናቂሽነኝ,positive
የኔ አዳም። ምኑጋ ነህ ክክክክ ግን አንድ ጥያቄ ልጠይቅህ። እደው። አይበርድህም። ትዝም አልልህ የጎደለ ነገር ያለ አይመስልህም እረ ትው እኔማ ያለፈ ያገደመ ሁሉ አንተን እየመሰለኝ,neutral
እደኔሰደት  የመረራችሁ   ላይክአርጉኝ,neutral
በስደት ያላቹ እመቤቴ ትጠብቃቹ አሜን,neutral
እውነት ለመናገር እምባዬ ተናነቀኝ አባቴን አስታወሰኝ *አላህ ይርሀም *አባት ማላት ሁሉ ነገር ነው መከታ ነውጥላ ነው  አላህ ጀነትን ይወፍቅህ,positive
በጣም ልብ የሚነካ ፊልም ነው ብዙ ነገሮችን ያስተምራል ከምንም በላይ ንሰሀ ገብቶ መሞትን የመሰለ ነገር የለምና እግዚአብሄር ሁላችንንም ለንሰሀ ሞት ያብቃን አሜን,positive
በጣም ምርጥ ፊልም የሰለሞን ቦጋለ አድናቂ ነኝ,positive
በጣም ነው ያስለቀጰኝ Like ስጡኝ,positive
ፈጣሪ ምን አለበት ገና በለጋነቴ እድሜዬ አባቴን ባትነጥቀኝ ኖሮ,neutral
አባቴ አፈሩን ገለባ ያርግልህ  ሁሌም አሰበሃለሁ,neutral
በጣም ነው የወደድኩት በተለይ እናቱ እምዬ ማርያም ናት የሚለው አባባል እደወደድኩት እውነት ነው ማርያም የሁላችንም እናት ናት,positive
በሚገርመው ነገር እነዚህን ሶስት አርስቲሶች በጣም ነው ደስ የሚሉኝ,positive
በጣም ይምራል የሠዉልጁ የሠዉ ነዉ የሠዉልጅ ከማሣድግ የዉሻ ብችላ ማሠደግ ይሻላል እሜባለዉ እዉነት ነዉ,positive
ሶስት የሚወደዱ  አክተሮች,positive
በጣም ነው ያስለቀሰኝ በጣም አሪፍ ፊልም ነው,positive
ወይኔ አስለቀሰኝ ተላምዶ መለየት እንዴት ይመራል,positive
ውይ በማሪያም እራሴን አመመኝ! !! በጣም ደስ ይላል,positive
ዋው ትንሽ አስለቀሳችሁኝ ግን ደስ ይላል ቀጥሉበት,positive
በለቅሶ  በእንባ ታጠብኩ   ወይኔ ለካ  ከመወለድ  እንደማሳደግ የሚበልጥ የለም  በጣም  ያሳዝና  አስተማሪ,positive
ኡፍፍፍ በጣም ያሳዝናል መወለድ ቋንቋ ነው በጣም ትምህርት ሰጪ ነው  ሙሴ አበረ ደስ የሚል ስያሜ ነው እኛ አባቶቹ እናቱ ደግሞ ድንግል ማርያም ናት አቦ ይመችህ ስወዳችሁ,positive
ዋውውውውውው በውነት ሰል እንደት እንዳስለቀስከኝ ውይይይ እግዚአብሔር ያጠብቃችሁ,positive
ስላም ውዶች የአርብ ሃገር ሴቶች ብቻ ስብስክራይብ አድርጉኝ በድንግል ማርያም,neutral
ቃል ግን ከታወቅ ከአርቲስቶች አባት ከ  ሼ አላሙዲ ይሰውርሽ,positive
እዮባ ያለበት ፊልም ሁሌም ይመቸኛል,positive
ብዙ የአማርኛ ፊልሞችን አይቻለሁ:: አብዛኞቹንም ተመሳሳይ ታሪክ፣ ተመሳሳይ የታሪክ ፍሰት ያላቸው ሆነው አግኝቻቸዋለሁ:: ይህ ግን ይለያል! በአማርኛ ፊልም ላይ ተስፋ እንዳልቆርጥ አድርጎኛል። 🤗ውድጄዋለሁ!!!,positive
ሃገሬ ልገባ 6 ቀን ቀርኝ ሰላም ግቢ በሉኝ የሃገሬ ልጆች,neutral
እዮብዬ ድምፁ ተቀየረ አደገ የፈጣሪ ያለህ,positive
እንኳን ለእናታችን ለቅድስት ድንግል ማሪያም ወርሀዊ በአል በሠላም አደረሣችሁ እንደኔ ዘግይታችሁ እያያችሁ ያላችሁ ዛሬ ደስ ብሎኛል ።የ እዮብ አድናቂዎች የት ናችሁ ኑ እንየው,positive
የ ፖሊስ ፍቅር ጣጣ ነው ከከከ,positive
ለመላው ክርስቲያን ኢትዮጵዊያን እንኳን አደረሳቹ እኔ ሙስሊም ነኝ ግን በጣም ምሳሳላት ጓደኛ አለችኝ 12አመት ሆነን ጓደኛ ከሆንን እስኪ ፍቅራቹ ይጨምርላቹ በሉን እኔ ስደት እሷ ዩኒቨርሲቲ ኒካህ ላስር ነው እስኪ መርቁኝ,neutral
ኧረ ስለ ቤተክርስቲያናችን ፀልዩ ወገኖቼ ጨንቆኛል በጣም ንስሃ እንግባ እራስ በራሳችን ምቀኝነት ዘረኝነት ይብቃ,neutral
ፊልሙ አሪፍ ቢሆንም ነፀብራቅ ቻናል የድምፅ ችግር አለበት ለማንኛውም እናመሰግናለን,positive
ወይኔ በፈጣሪ ቤተ ክርሰትያን ውሰጥ ሁነሸ ያ ሁሉ ውሸት,neutral 
እረ ምን ነው የቤተክርሰትያን ጠላት በዛ,neutral
በተረፈ ፊልሙ ጥሩ ነው  ግን ከቤተክርሰትያን እጃቹን ኣንሱ ምድረ ከሃዲ,positive
የቀጮና የቴድ እንግዳሰው  አድናቂ ነኝ,positive
ላይክ,positive
ሴቶቻችን ሁሌም አንድ አይነት ትወና አይሰለቻችሁም?,negative
ያገራችን ፊልም ይገርመኛል ተመልካች ነፍ አለው የሚሰራው ፊልም ግን እዚህ ግባ የሚባል አደለም!,negative
እኔን የገረመኝ እንዴ ቤተ ክርስቲያን ውስጥ ለውሸት መረጣችሁት ቦታ ጠፍቶ ነው,negative
ተማኝና እምንት ማጫራሻው አማራ ደስ ብሎኛል ድምፅ ግን ይቆራራጣል,positive
ፊሉሙ አሪፍ ነበር ግን ሳውንድ ሲስተሙ ልክ አይደለም እረረረ ኡኡኡኡኡ የላይክና የሠብስክራይብ ልመና ሰለቸን,negative
እያንዳንድሽ ቤተክርስቲያንን የውሸት ቪዲዮ መስሪያ አድርገሻት አትቀሪም ምናለበት ሌላ ቦታ ሄዳችሁ ብትዋሹ በቅርቡ እንገናኛለን,negative
ትገርማላችሁ ግን ማርያምን 🤔🤔 አዲስ ፊልም ብላችሁ ከምትፅፉ ለምን ድምፅ የሌለው ፊልም ብላችሁ አትፅፉም,negative
ካልጠፋ ቦታ ቤተክርስቲያን  መነገጃ አርጋችሁት እግዚአብሔር ልቦና ይሰጣችሁ,negative
ያሳዝናል! መጨረሻው ድምፅ አልባ ሆነ። በከንቱ ጊዜዬን አበላሸሁ፤ አደረግኳችሁ,negative
ወይኔ እንዴት በጉጉት ስጠብቀው እንደነበር,positive
ውይ ቴዲዬ በጣም ውስጤ ነው እንደ ነፍስ ነገር ምንም አይነት ገፀ በሃር በሰጠው አሳምሮ ነው የምሰረው,positive
አዋጅ ሰብሰብ በሉ ያገሬ ልጆች ወገን ለወገን ደራሽ ነው,positive
ዋውውው ቶሎ በተለቀቀ ሥልነበር ደሥ ብሎኛል በመለቀቁ እሥኪ እደኔ ደሥ ያላችሁ እንያችሁ,positive
ድምጽ የለውም ሲያስጠላ ኤጭ,negative
ቤተ ክርስቲያን እዲህ መጫወቻ ሆና ትቅር። ውሸት ለመናገር ካልጠፋ ቦታ ቤተ ክርስቲያን,negative
ውድ የቻናላችን ተከታታዮች መጨረሻ  ላይ ያልውን የድምፅ ችግር አስተካክለን ደግመን እንጭናለን የተፈጠረው  የድምፅ ችግር በኮፒራይት ሙዚቃ ስለሆነ ይቅርታ እንጠይቃለን,neutral
አይ ድምፅ አልባው ፌልም በሉት። ሰአቴን አባከንኩበት,negative
በጣም  ዘና የሚያደርግ ፊልም ነው እናመሰግናለን,positive
በቤተ ክርስቲያን ውስጥ የውሸት ቃል አይከብድም ዛሬ እንደቀላል ነገር እየታየ ትውልዱ ተበላሸ,negative
ቴድ በጣም ጎበዝ አክተር ነህ ዉይ ሴቷ ተላላጠች ሆ ጭራሽ ሁለቱንም,positive
ፊልሙ ጥሩነው,positive
 ሀለቱ ሴቶች ለፊልም አይሆኑም ጥበብ አልጠራቸውም,negative
ሲጀመር ሴቶች ወንድን የሚወዱት ሲቸግራቸው ብቻ ።በአሁኑ ስአት ፍቅር ያለው ፊልም ላይ ብቻ ነው,negative
ክክክክክክክ ግን ወንዶች አርገዝኩ ስትባሉ ምን ይልበጣርቃችሁል እርወዳ እጭ,positive
ደራሲው ግን ጋዴም ነህ ,negative
እንዴት ቤተክርስቲያንን  ለውሸት መረጣችሁ የምሰሩትን አታቁም,negative
አሪፍ ፊልም ነው   ግን አልፎ አልፎ ድምፁ ይጠፋል አይሰማም,positive
ወይኔ ድምፁ የሞተ ፊልም ነው በጣም አሪፍ ይሆናል ብየ ጠብቄ ነበር።,negative
ውይ  ስታስጠሉ  ድምፅ  ምድ  ነው,negative
አሌክሶና ቴድን የምታደቁ በኔ ሞት ላክግጩኝደስይበለኝ አይከፈልበት,positive
እንደት አደራችሁ ጋይስ,neutral
ይድ ወደዛ  ስታቴ,negative
በጣም ነው የተመቸህኝ አሌክስ,positive
ያምራል አይ ተማኝ መንጃ ፍቃድ ትላለክ ረዳቱን,positive
እኔ ምለው እኛ ሴቶች ምድነው ይሄን ያህል ገዘብን ማፍቀር ያአላህ,positive
ጥሎብኝ ትራፊክ ሆኖ እሚሰራዉ ልጅ ስወደዉ እሱ ያለበትን ፊልም በጉጉት ነዉ የማየዉ በሳቅ ጦሽ የሚያረገኝ ልጅ,positive
አዲስ አባሂጄ ጠጄን ስቀመቅም ሚስቴ ወልዳመጣች አባቱን አላውቅም,neutral
ድምጹን ለምን ታጠፉታላቹ? ወይም ባትለቁልን ይሻላል::,negative
ድምፅ የለው ምን የለው ይህን ድራማ ብላቹ ታቀርባላቹ ማፈሪያ ሁላ,negative
እርፍ ነው ግን ድምጽመጨርሻላይ አይሰራም,positive
ምንዲነው፡ምንም፡ድምፁ፡የለውም፡ከስልኬ፡መስሎኝ፡ነበር፡ለካ፡ችገሩ፡ከናንተው፡ነው,negative
ወይኔ የወንድ ቀጭንስ ሲያስጠላ,negative
እናት ማለት እኮ ሀገር ናት  ሁሉ ነገር,neutral 
ለናቶቻችን እድሜና ጤና ይስጥልን  የምትሉ እስኪ በላይክ ግለፁ,neutral
እማ እናቴ ሁፍ ናፍቅሽኝ እናቴን የማይበት ቀን እረዘመብኝ,neutral
ማንዴላዬ የኔ ምርጥ አርቲስት ነህ ነኝ,positive
አሪፍ ፊልም ነዉ ::እናቴ ♥♥ኑሪልኝ ለዘለአለም እናት ለልጇ የማትሆነዉ የላትም::,positive
በእባ ጨርስኩት እር መች ነው እናቴን እማያት,positive
በጣም ምርጥ ፊልም ነው እናት አለሜ ለልጆችሽ ስትይ ስንቱን ታይዋለሽ እረጅም እድሜ ከጤና ለናቶቻችን,positive
ዋውውው በጣም አሪፍ ፊልም ነው በርቱ ሰላማቹ ይብዛ,positive
ስድት ባልመጣ ይህን አላይም ነበር,positive
ምርጥ ፊልም ደሥ ይላል ውፍ በለቅሶ ሞትኩ  እምዬ እናቴ  ሣልደርሥልሽ  ክፉውሽን አያሠማኝ ፈጣሪ,positive
ማንዴላ አንበሳ,positive
እደዝህ አይነት ለእዉነት የሚቆም ሰዉ  የብዘልን  እናመሰግናሌን,positive
ክክክክክክክ ማንዴ መጨረሻላይ አሳከኝ የኔውድ,positive
ማንዴላ ውስጤ ነህ አንተ ያለክበት እኮ ሲያምር,positive
ሰወችዬ አገራችን ሰላም ያድርግልን ለአገራችን ሰላም የምትፈልጉ ብቻ,neutral
እስኪ ማን ነው ፊልሙን እያየ ኮመንት ማንበብ ውስጡ የሆነ,neutral
ሙስሊም አላህን እንጅ ሰውን ሌላን ነገር እደማይፈራ ነው ያስተማረኝ ማሻ አላህ,positive
ዛሬ የጌታዬ እናት ቅድስት ድንግል ማርያም ናት እንኮን አደረሳቹ,neutral
ሄኖክ ያለው የአተዋወን ችሎታ ሚያስደንቅ ነው,positive
ሄን ፊልም እደጠበኩት አላገኘውትም ቫንዳም መሞት አልነበረበትም,negative
ደግሞ እየሰገደ ውይ ሙስሊም መሆን እንደት ያኮራል አልሀምዱሊላህ ምስጋና ይገባው ለአላህ,positive
ይሄ ህጻን ልጅ ጉበዝ ነው ።በበለጠ እድሉን እንዲጠቀም በር ብትከፍቱለት እላለሁ,positive
የድንግል ማርያም ወዳጅች በያላችሁበት ሰላም ታርጋችሁ,neutral
ምን አባቴ ልሁን ፊቴ በእንባ እየተሞላ ጥርሴ እየሳቀ ድራማው አለቀ ሄኖክ አንደኛ አምላክ ይጠብቅ እወድሃለሁ,positive
ሄኖክ ያለበት ፊልም ሁሌም ደስ ይለኛን አድናቂህ ነይ,positive
ፊልሙ  እንደ ዶክተር ምህረት ምርጥ ነው።ለሄኖክየ ደግሞ ለኔLike   በማድረግ የሀገሬን ኣምላክ ይጠብቅ በሉት።,positive
እንኳን ለግንቦት ማርያም በሰላም አድረሳቹ እመቤቴ በዕለተ ቀኗ ያሳባቹን ትሙላላቹ ሀገራችንን ሰላም ታርግልን,neutral
ሄኖክየ ያለበት ፊልም ሁሌም ደስ ይለኛን ስወድህ,positive
ሙስሊም እህቶች ወደ ቻናሌ ብቅ በሉ ቁርአንን አብረን እንቅራ,neutral
የነገው ቅዱስ ጊወርጊስ አሳባችንን ያሳካልን አይለየን,neutral
ፍቅራችንን ሞት አይገድለውም !ፍቅራችን ነው ሞትን የሚገድለው !ሰህ👍👍ምርጥ ኢትዬፂያዊይ ፊልም,positive
ውይ ጉድ እኮ ነው ገና አሁን አየሁት እንደው ኑ እንይ አይባልም ጓደኞቸ ኸረ ብቻውን  የበላ ብቻውን  ይሞታል አይደል የሚባለው,positive
የረመዳን ስራ እንደምንም ጨርሼ ሱማሌው ባዳው ላይ ተመስጫለው ዋውውውው,positive
ይቅርታ  አርጉልኝና  እፃኗ  ልጅ   በጣም ነው  የምትደብረው  ልጅ  እንደልጅነቱ   ለዛ  ሲኖረው  ደስ  ይላል   አክቷ  ቃላቶቿ  ሁሉ  ይደብራል  ኤጭ   ዘ ጊ  ነገር,negative
በጣም አሪፍ ፊልም ነው ግን ልጅቷ የሞተች መስሎኝ አልቅሼ ሞትኩኝ አይ ወላድ መሆን    እንደዴ ልጃችሁን ቤተሰቦቻችሁን ጥላችሁ የተሰደዳችሁ  አይዟችሁ,positive
ዋው  ደስ  ሲል  መጨረሻ  ላይ  ህፃኗ  አስለቀሰችኝ 😢😢😢 ኡፍፍ  የአባት  ፍቅር,positive
ፊልሙ አሪፍ ነበር ሄንየንም እወደው ነበር ግን በእምነቴ ስለመጣ ልጠላው ነው,positive
እመቤት በለተቀኗ በያለንበት ትጠብቀን ምልጀዋ አይለየን አሜን,neutral
በርታልን  ዋውውው ብያለሁ ልጁ ቆንጆ ፊልሙ ቆንጆ  ከልብህ ሰረተሀዋል በረታ,positive
ስጠብቀው ነበር ውይይ ሄኖክ ካለበት ሁሉም ይጥማል,positive
ዘና አድርጎ በዛውም ልክ ምርጥ ትምሮ የስጨብጣል!,positive
ደስ የሚል አስተማሪ ፊልም ነው ሄኖክ ጥሎብኝ ትመቸኛለህ,positive
የምርጦች ምርጥ ነህ ትችላለህ ያራድዬ ልጅ,positive
ሄኖክ ያለዉ ፊልም በጣም ኣሪፊ ነዉ ልሽፎዉ,positive
እርጉዝ ተበየ ልብስ መሆኑ በጣም ነው የሚያስታውቀው,negative
ኤጭ እናት መከበር አለባት,negative
ቫንዳም ማለት ምን ማለት ነው,neutral
ሄኒ ትችላለህ በእዉነት ጎበዝ አንተ ከዚ በላይ መስራት ትችላለህ,positive
ሳህ ምርጥ ፊልም አቦ ምችት ይበላቺሁ,positive
ዋው ሄኒ በጣም ያምራል እናመሰግናለን,positive
ሱማሌው እንዴት እዳሳቀኝ የመችህ,positive
ምርጥ እና አስተማሪ ፊልም,positive
በለው ማሻ አላህ እስልምና ያምርበታል ዩሱፍ,positive
ወድጄዋለሁ  ደስ ይላል አሪፍ ነው,positive
አጪበርባሪ ግን ለምንድነው እንድህ የምተደሪገው ወንድሜ እየልክ ግን የክሱን አርግፋከበት  በጣም ነው የምተስጣለው  ግን አላህ ሀደያ ይስጣችሁ,negative
ምድነው መጨረሻው ወይስ ፓርት 2አለው ፈጣሪ ሆይ ትግስቱን ስጠኝ,negative
ልዩ ወቅታዊ የሆነ ነፍስን የሚያረጋጋ መንፈሳዊ የንሰሃ መዝሙር!!!  ከታች ያለውን ሊንኩ በመጫን ይከታተሉ!!!,neutral
ፊልሙ አሪፍ ሆኖ ካለ,positive
ክላሲካል ይበዛቡታል  የድምፅ እጥረት  አለ,negative
ደስይላል ለካ ፊልም ትምሮምናምን አትፉልግም ለካ,negative
እኔ የምለው የምታስተምሩን ዳኪራና መጠጥህ ብቻ ነው አይ ኢትዮጵያውያን,negative
አሁንማ እድሜ ለኮሮና ተዘጋ ለዘላለም ይዘጋ,negative
ምን አይነት ፊልም ነው እርግጠኛ ነኝ የተሰርቀ መሆን አለበት ,negative
እንዴ ይሄ ነገር መች መች ነበር እሚታየው? እንደተከታታይ ድራማ ያልቃል እንዴ ለነገሩ ቺኮቹ ቺኮቹ ያሉበትን ፓርት እያሳለፍኩ ነው ያየሁት,negative
ዮናታን ስላለበት ባይሰረቅ ደስ ይለኝ ነበረ ግን እናመሰግናለን እንደ ወረደ ስለ ጋበዛቹን,positive
አይ እዮሀ ኢንተርቴመንት ለላ ሲትኮም ፊልም አመጣችሁብን ደሞ እረ ዘጠንኛው ሺ ይግደለን ደሞ ለዚ ብየ 1:20 ደይቃየን ማባከኔ,negative
ቡዙም አይነፋም የፊልሙ አጃማመር እና ፍፃሜው አይስማሙም,negative
በቃ መጨረሻው እደዚህ ነው,negative
ጠላሁ በጣም የወረደ ፊልም,negative
ሠዉን  መዉደድ  እጅ ማመን አያሥፈልግም   መጨረሸዉ  ግን  አይመሥጥም,negative
ድነዝምናችሁም አያምርም,negative
ወይ ሴቶች መጬስ መቀም ልቦነ ይስጠቹ,negative
ኣርቲስት ነን ስትሉ ትንሽ እፈሩ,negative
የመጀመርያው ቀሽም ፊልም እጭ,negative
ከሁለቱም አንዱን ሳይዝ ሲያሥጠላ,negative
አፈር ብሉ አጨራረሱ ሲያስጠላ,negative
እሄን ፊልም ሳየው ብርታትናጥካሬ ይሰማኛል,positive
በጣም  ደስ  ይላል   መልካም  ልደት  የወኒ  ሺኮኮ,positive
ውይ ስቴ አየውት ስወድክኮ ባባዬ,positive
እውነት ውድድድድድ ነው ይደረካቺው ስታምሩው,positive
እረ በሳቅ ገደለኝ ባባየ,positive
ትምርት ያገኝወበት በይወተ እኔነቴን የፈተኩበት ፍልም በጣም አሪፍ,positive
እናቴ ትንሽ ታገሽኝ ኣንድ ቀን ኣኮራሻለው,neutral
ዋውው በጣም ምርጥ ፊልም ነው ጎበዞች ቀጡሉበት,positive
ደስ ይላል ምንም አይልም በርቱ,positive
አይ ሀብታሞች ብር ሸቀጥ እጅ ፍቅርን አይገዛም እሽ ተማሩ አይ ድህነት እደኔ ልቡን የሰበረው ውይ ማጣት አይኔ እያያት ላጣት,neutral
በገንዘብ ምክንያት ፍቅረኛዬን ስላጣውት እያለቀስኩ ነው የጨረስኩት,positive
ኡፍፍፍፍ እንዳት  ደስ የሚል ነው አይ ፍቅር ፊልምላይ ብቻ ሆነ እንጂ,positive
ቆየን ካየነው እንግዲህ ደግመን እንደበርበት እንጂ,positive
ትንሹ ልጅ በጣም ይመቸኛል፡፡፡,positive
በሺታ በስደት ላይ እንዴት ይከብዳል እስኪ ፈጣሪ ይማርሺ በሉኝ,neutral
አሞኛል ዱአ አርጉልኝ ስወዳቹ,neutral
ባልና ሚስቱ የተወኑበት ምርጥ ድራማ  የሶል እና ቤቲ ስወዳችሁ,positive
በእውነት ቆንጆ ፊልም ነው ውድ ኢትዮጵያን በሙሉ የሰው ልጅ መጀመሪያው ምንም ይሁን የሰው ልጅ መጨረሻው ሲያምር ነውና እግዚአብሔር የሁላችንም መጨረሻችን ያሳምርልን,positive
መጨረሻ ላይ ያለውን ዘፈን ልቀቁልን ፊልሙ እራሱ ያምራል,positive
ሰሞኑን ሶደሬዎች አልተቻላችሁም አቦ ይመቻችሁ,positive
ሰሞኑን  በሰላም ነው ስትለቁ በተከታታይ  ስትጠፉ በተከታታይ  ለማንኛውም  ፊልሙን አላየሁትም  ከስራ መልስ ሰለፊልሙ አስተያየት  እሰጣለሁ ,neutral
ስራችን ጨርሸን እናያዋለን,neutral
አለም ሰገድን ማየት የናፈቀው,negative
ሰላም ለሀገራችን ፍቅር ለወገኖቻችን,neutral
ሶልዬ ስወድህ እኮ በፈጣሪ ይድሜና ጤና ይስጥህ ከነቤተሰቦችህ,positive
ሾፌ እመለሳለሁ ,neutral
አቤቱአምላኬ ለንሰሀ ሞት አብቃኝ ሀገራችንን ሰላም ያርግልን ወገኖቼ,neutral
ኦፍፍፍፍፍፍፍፍፍ እመብርሀን ለንስሀ ሞት ታብቃን ልቤን የባሰ አሳሳዉ አይ ስደት,neutral
ሠላም እህት  ወንድሞቼ  በስደት ያላችሁ  ፈጣሪ  ከክፉ ነገር  ይጠብቃችሁ ኢትዮጵያ  ሀገራችንንም  ሠላም ይሁንልን. ምርጥ  ፊልም  ነው,positive
ቆንጆ እንደሚሆን ጥርጥር የለዉም ልየዉና,neutral
ጎሽሜ ላቭ ዩ lolምንጊዜም የ እንግዳሰው(ቴዲ)አድናቂ ነኝ,positive
ክክክክ ኧረ ባልና ሚስት ደስስስስስ ሲሉ,positive
አሪፍ ነው አስመሳይ ሰው ድሮም መጨረሻው እሄው ነው ቀጥሉበት ደስ ይላል,positive
የስደት እህቶቸ ሰላማችሁ ይብዛልኝ ወቶ ከመቅረት ይሰውረን ህልማችን እውን ሁኖ ለሃገራችን መሬት ያብቃን,neutral
ወይ ጡንቻ ማማሰያ እጅ,negative
ውድ ያገሬ  ልጆች አምላክ ፍቅርና ሠላሙን ያድለን ።ድንግል እቅፍ ድግፍ አድርጋ በሠላም ላገራችን ታብቃን።ያላያቹ እዩት ምርጥ ፊልም ነው።,positive
1 አመት አለፈው ከተለቀቀ  እኔ ገና አየሁት ወይኔ ይህ ልጅ መቼ ነው የሚወፍረው #ቴድዬ ስወድክ,positive
ደስ ይላል ፍቅር አሸናፊ ነው ፍቅር ለዘላለም ትኑር,positive
እጅህን ስጥ አለኝ ፈረንጅ ፥ እጅ ተይዞ ሊወሰድ፥ ምን እጅ አለው ... ሎሬቱ የገጠመለትን ጀግናውን አፄ ቴዎድሮስን ምነው ስሙን መጥራት ዳገታችሁ??? የታሪክ ቡዳዎች!!!,negative
እናመሰግናለን የስደት መዝናኛ እናንተን ባናገኚ በጣም ምርጥ ፊልም ነው,positive
ቴዳዬ ስወድክ,positive 
ያምራል,positive
ለሀዘን ማረሳሻ ነው ፊልሙ በታሜ ደብሮኛል አቦ,positive
አስተያየት አራዳ ሲኒማ አርማችሁ ከቪድዮው ማስነሳት አለባችሁ ቦታውን ይዞታል አመሰግናለሁ,negative
አርፍ ነው እናመሰግናለን አድናቂህ ነኝ ቴዲ በርታልን,positive
ውይ ይህ ቀጫጫ ልጅ የእውነት ቀጭን ነው በስማም ደግሞ ጡንቻ አለኝ ይላል እንዴ ቅቅቅቅቅ ምርጥ ፊልም ነው ቀጥሉበት አቦ,positive
ይሄ ሰውዬ ምን ሆኖ ነው የራብ ዘመን ማስታወቂያ መስሎ የቀረው,neutral
ያምራል እንግዳሰው (ቴዲ) ያለበት ፊልም ይመስጠኛል,positive
ቀጮዬ ስውድክ እኮ የምተውናቸው ሁሉ ይመቹኛል,positive
እረ ሙዚቃው ጮኽብን ኡኡ ስለ አባቱ ምንም መስማት አልቻልንም,negative
ለየትኛው ጡንቻ ነው,neutral
ሁሌ እስፖርት እንደሰራ ነው,neutral
ዋው ይመቻቹ ደስ ይላል,positive
ዋዉ እንዴት ደስስይላል! በቃ ምርጥ ፊልም ስራነዉ!,positive
እረ ፍቄ እንዴ ዛሬ በሳቅ ነው የገድልክኝ በይኽድክብት ፉንቃ ጥብ ያርግሃል እንዴ ይምችህ አቦ ስውድክ,positive
ዋው ደስ ሲል ሁለታችሁንም እስውዳችሁ,positive
ምንም አይጥም,negative
ቲሺ ሰአት ማቃጠሌ,negative
ደሥይላል,positive
የሚገርም,positive
እስኪኑጋይስ እንመሠጥ  በናታችሁ 100ላይክ ግጩኘ ተወራርጂነው,neutral
አጥንታችሁ እንደ ሉሲ አጥንት አፈር ይናፍቀው፡፡ የሔ አዲስ ፊልም አይደለም,negative
 አይነፋም የታየ ነዉ,negative
ዋውውው ብአስተማሪ ፊልም ቀጥልበት,positive
ክክክክክክክክክክክክክክክክክክክክክክክ አይ የኢት ፊልም  እዳው በቃ ፍቅር በፊልም ከመሆኑ መጨርሻ ተጋቡ ወይም,negative
በጣም፡ ያምራል,positive
ሰላምዬ ውድድድድድ ኑሪልኝ,positive
የቆየ ቢሆንም አርፊ ፊልም ነው,positive
ጌታ ሆይ እንደዝህ አይነት አማች እንዳትሰጠኝ እኔ ትግስቱን የለኝም መዳሞች ትግስቴን ጨርሰውታል ደሞ ባማቼ ልቃጠል,neutral
ስላም ስላም የአገሬ ልጂች ዛሬ ደብሮኛል ስደት ከፍኝ,neutral
ወይኔ የናይጄሪያ ፊልም በጣም ነው የምወደው ሼር ለጓደኞቼም ቀጥሉበት,neutral
መጨረሻው ተመችቱኛል ምክንያቱም ባል ቤተስቦቹን ይተዋል ከሚስቱም ይጣበቃል  እንደሚለው,positive
የምር ደስ ይላል ሌላም ካለ,positive
ናይጄርያዎች አማርኛ ማውራት ጀመሩ,negative
የኢትዮጵያ ወንዶች ፊልም ላይ ብቻ ነው ፍቅር ይዞቸዉ ሚሰቃዩት ኡኡቴያም ሁላ,negative
አሰፍ በጣም ማፈቅረውን ልጅ ስደት አሳጣይ አረብ አገር ብር እንጅይ ፍቅር የለውም,neutral 
ስንቶቻችን ነን በጣም ከምናፈቅራቸው ሰወች ጋ የተለያየን ደስት አይኑ ይጥፍ ፊልሙ ብዙም ባይሆን ግን ትንሽ አስተማሪይ ነው,neutral
ደስይላል ሳያት እናዳንኤል በጣምአደንቃችሁአለሁ,positive
አቤት ሳያት ቆንጆ ሚካፕየለ ምን የለ በጣም ቆንጆ ማር ነገር,positive
ሳያትዬ የኔ ቆንጆ  ስእነስራትሽ አለባበስሽ በጣም ግርም ነው በሪቺ,positive
አይዛችሁ  ጥሩ  ነው  ቀጥሉበት,positive
ሳያት የኔ ቆንጆ  በጣም ነዉ ምወድሽ የማከብርሽ የኔ  አመለ ሸጋ,positive
የተዋህዶ ልጆች ነገ አባቴ ቅዱስ ሚካኤል ነው ሊቀ መልአኪ ጠላታችሁን ከግራችሁ በታች ይጣልላችሁ የመዳምን ምላስ ይያዝላችሁ,neutral
እሚቆራረጠው ድምፅ እኛ እንድንሞላው ነው እንዴ,negative
ቆጆ  ነዉ ግን  እያዩ  መመኜት   ብቻ ነዉ  ትምህረት ወሰዶ የሚማረበት የለም እጂ  ፈጣሪ  ንፁህ ፈቅር  ይሰጠን  አሚን በሉ,positive
ዋው በጣም ሀሪፍ ነው   ይሄ ፍቅር የሚሉት ነገር ጨዋታው በፊልም ብቻ ሆነ ወዶችየ እስኪ አዳደ  እውነተኛ አፍቃሪ ለመሆን ሞክሩ ማፍቀርን  ቻሉበት,positive
ከምወድት ጋር መኖር እንዴት ደስ ይላል………,positive
በጣም ነው የሚያምረው  ኡፍፍፍፍፍፍፍ  እንዴት ደስ ይላል,positive
ተኮል የለለበት ፊልም ያስደስተኛል,positive
ልጁን ወድጀዋለሁ በቃ ያበጠም ካለ ይፋዳ,positive
ሲያዩት ያላማረ ሲበሉት ያቅራል እኔ እንደናንተ ሞኝ አይደለሁም በኮሜንታቹ አልሸወድም ምክንያቱም እኔ ከናንተ አፍ ሳይሆን እውነቱን የማቀው አይቼው ነው,negative
ባየው ባየው የማይሰለቸኝ ፊልም,positive
ተሟዘዙ,negative
ደስ ስትሉ። አንተን መሳይ ይሰጠኝ ጌታ!,positive
በጣም ደስ ይላል ታምራላችሁ,positive
ውይ ደስሢል።ከሚወዱት ሠወጋር,positive
ምንም አይልም ግን በድርሰት የተሠራ አይመሥልም እያሠባቹ የምታወሩ ነው የሚመስለው ብቻ ጀማሪ ናቹ ።,negative
በጣም ታምራላቹ በርቱ ትንሽ ትወና ይቀራቹሀል,positive
ሀገሬና ሰፈሬ ይሄ ፊልም በመሰራቱ አዝኛለሁ ናልኝ እንቅልፌ አንተው ትሻለኛለህ,negative
አሪፍ የፍቅር ታሪክ ነው,positive
ዋውው ፍቅር ያሽንፋል ተመቸኝ ይመቻችሁ,positive
ልጁ መሳጭ ነው ዋዋዋዋ,positive
ፉቅር የሆነ ፊልም ነው,positive
ህርጋታቸው ደስ ሲል,positive
ወይኔ ደስስስስ ስትሉ!!!!,positive
ወይ  ይሄን ፊልም ስወደው  ስንት  ጊዜ  አየሁት  እንዳንተ  አይነት  ፍቅር  የሆነ ባል  ይስጠኝ  ያረብብብብ,positive
አዴት ያምራል ልጁ በስማም።,positive
ከርፋፎች ይሟዘዛሉዴ?,negative
ዋዎ  ደስ ሥትሉ ፈጣሪ እንደዚሕ ይግጠመን አቦ ከሥደት መልስ,positive
ስፈልገው የነበረ ፊልም,positive
የጥበብ  መጀመሪያ እግዚአብሔርን  መፍራት ነው,neutral
ዋው ኮፊ ከ ኬፋ ኬፋ ስለሆንኩ ደስ ቢሎኛል የቡና መገኛ የ ቦንጋ ልጆች ላይክ ግጩኝ ቢንዬ አንድኛ ነክ አይ አሜርካ ምተዱ ተነቃባቹ እኛስ አርቢ አገር ለ ፅዳት የታወቀ ነው ክክክክ,positive
ከየት ነው አትበሉኝ ይነገራል መልኬ በጣም አስተማር ፍልም ነው ከመጥፎ ጎዴኛ አላህ ይጠብቀን,positive
መጀመሪያ ላይ ደሜ ፈልቶ ነበር አሁን ግን ደስ አይልለኝ,positive
በጣም ዴስ ይላል ምርጥ የጀግናልጂ wwww ፉቅር ያሸንፉል,positive
ውይአሜሪካ ጉድነው በሳቅቅቅቅቅቅ,positive
እስኪ እደኔ እናቱን በናፍቆት የናፍቅ ማነው,positive
የፊልም ጥማት ሊደፋኝ ሲል ነው የመጣቹት,positive
ነገ እኮ 15 ቅዱስ ቂርቆስ ናቸዉ እንኳን አደረሳቹ ምልጃቸዉ፣ፀሎታቸዉ ይጠብቀን,neutral
በጠም የወረደ ድራማ እንዴት እርጉዝ ወይን ትጠጣለች ????,negative
ዛሬ  በጣም  ነው ደሰ ያለኝ  አልሀ ምዱሊላህ,positive
ምድረ ጂላ ጂል,negative
እኔን ብቻነው ወይስ ሁሉንም ነው ምንም አይነት ፊልም አይመስጠኝም እደበፊቱ,negative
በጣም አስቀያሚ በተለይ የልጅ እናት ሆኖ መስራት ስልክ የጠፍብሽ አትመስይም አትችይም,negative
ፕሮፍይሌን በመጫን ሰብስክራይብ አድርጉኝ,neutral 
የሰው ስኬት ሚያስደስተው ሰብስክራይብ ያድርገኝ,neutral
የሃገራችን የተጨማለቀ ፖለቲካ ከመስማት ይሻላል እንጅ ፊልሙስ ብዙም እይነፋም,negative
ስታስጠሉ ሞዛዞች ይሄ አሁን ፌልም ነው ወይስ,negative
ከኣሁን ኣሁን የልጅቷን ኣርቲፊሻል ፀጉር ከራሷ ላይ ንፋስ ወሰደው እያልኩ ስጋት ገደለኝ።,negative
ፊልሙ የሜካፕ አርቲስት ያለው አይመስልም... እንዴት እንዲህ ዓይነት ፀጉር እንዲኖራት ያደርጋል።,negative
ቆይ ግን ልጂቷ ኬክ በልታ ነውእንደ ያረገዘችው በላች አርግዛ አይናት ካለየሁ አላምንም ተኙና አሳዩን ክክክክ,negative
አጀማመሩ አሪፍ ነው አጨራረሱ እኔ እዳልጨርሰው ፈራሁ እጂ ክክክክክ,positive
ውይን ምን አይነት ድራማ ነው  በአንድ የመያስርግዝ እኛም ከስደት መልስ ቶሎ እናርግዝ ክክክ,negative
እርጉዝ ነኝ ላይክ ግጩኝ,neutral
እንደጠበኩት አይነት ፊልም አይደለም ዝም ብሎ ነው።,negative
አረ ምእመናን እንተሳሰብ ምድነው የቡና ጠጡ ወሬን የምታወሩት,negative
ስወዳችሁ ሰብስክራይብ አድርጉኝ  አትከፍሉበት,neutral
ወይኔ ቅጥነት ሳሙና ላይ የተሰካ ሰንደል አይደል እንዴ የሚመስለው,negative
የድራማ አሰራር ስሜት የሚባል ነገር የሌለባችሁ ተዋንያዮች ሲደብር,negative
ነፀብራቆች ተባረኩ በየወቅቱ ከች ትላላቹ  የልባድርሶች,positive
ጊዜው ይፈትናል አንድ ቀን  ደስታ አንድ ቀን  መከፋት ግን ሁሉም ያልፋል ጥሩ ጊዜ ይመጣል ብዬ አስባለሁ  መልካም ቅዳሜ ይሁን,positive
ዛሬ ቅድስት ስላሴ ቤተክርስቲያን መከፈቱን ሰምቼ በጣም ደስ ብሎኛል የተዋህዶ ልጆች እንኳን ደስ አላችሁ  ስለፊልሙ ካየሁት በኋላ እመለሳለሁ,neutral
ሙሉውን ልየውና ከች እላለሁ እናተ ግን አይታችሁ ሳጨርሱ አትኮምቱ ተው ግንንን,neutral
በየምነታችሁ ፀልዩልይ  ሰራ የለኝም ጭንቅ ብሎኛ  የሠው ልጅ መጨረሻው ሲያምር ነውና እግዚአብሔር  መጨረሻችንን ያሳምረው  አሜን,neutral
ኮረና ጠፋ ሲባል መስማት የናፈቀዉ,neutral
የሀገር  ልጆች  አረ የት  ናቸው  አድስ ፊልም  ተለቆል አብረን  እንይ  ያለ እንተ ምኖም አይምርም  የት  ናችው  ስወዳችሁ እኮ,positive
መገን ወር ሞላብኝ እኮ ይን ፊልም ለመጨረስ,negative
ውጪዎች ቢሰሩት የሚገርም ኤሮቲክ ይወጣዋል,positive
እናንት የፊልም ሰሪዋች ብዙ ፊልም ላይ ምግብ ቀርቦ ወይ ስትበሉ ስርአት የላችሁ ለምሳሌ ይህ ፊልም ምግብ ቀርቦ ሲነጋገሩ  ስላልተግባቡ ሊጎረስ የተጠቀለለውን መወርወር ይህ አሁን ምን ያስተምር እንዲህ በመሆኑ የሚደሰት እለ  ፊልም እያስተማረ እንዲያልፍ ነው ግን ደግሞ ስርአትንም ማስተማር ያስፈልጋል ዛሬ የወረወርሽው ምግብ ነገ ይቸግራል ያ ቀን ሳይመጣ ትንሽም ቢሆን ስርአትን ተለማመጂ ገና ወጣት ነሽ ብዙ ነገር ይጠብቅሻል  ከዚሁ ተማሪ ስርአት ይጠቅማል እንጂ አይጎዳም,negative
አሪፍ ፊልም ነው  Thank you I enjoyed it,positive
አማርኛ ፊልም ርዕሱ ተመሳሳይ ፡የቤት ልጅ የጎረቤት ልጅ፡ የሰፈሬ ልጅ፡ የሴት ልጅ፡ የሴም ልጅ፣ የልጅ ልጅ ፣ የአክስት ልጅ ፡  ሰውየው ፡ሴትየዋ ፣ሹገር ማሚ ፣ሹገር ዳዲ እያለ ይቀጥላል,negative
ቅድስ ገብኤል የልባችን መሻት ይፈጽምልን ከዚህ በሽታ ይስውርን አሪፍ ፌልም ነው እዩት,positive
ለመላው። የኢትዩጵያና የአለም ህዝብ ሰላም ያውርድልን መደሀኒለም ሆይ።  ማርን ይቅር በለን ወገኖቻችንን። ማርልን እኛንም። ክመከራ ስጋ ክመክራ ነፍስ ጠብቀን አሜን, neutral 
እስቲ ጩባውን አይቶ ፊልሙን የከፈተ, neutral 
እረ ወገን እኔ መዳም እራሷ ኮሮና ሆነችብኝ እኮ ,negative 
እኔ ጩባውን ስላየሁ ብቻ ከፈትኩት እኔም የምትሉ ግጩኝ ከመዳም ኩሽና ያጋጫችሁና ወዳችዋሎ, neutral 
ሰላም ሰላም የሀገሬ  ልጆች  በስደትም በሀገር ቤትም ያላችሁ   እግዚአብሔር ይጠብቀን ሀገራችንን ሰላም ያርግልን, neutral 
እኔ መቸም ሚሊዎን ብርሀኔን አይቸ ማለፍ ግፍ ይሆንብኛል በጣም ነዉ እምወደዉ በተለይ ዘጠነኛዉ ሽ ላይ የሳቄ ምንጭ እሱ ነዉ እኮ እህህ ኮሜንት አይቸ እመለስ አለሁኚ, neutral 
የልጁ ድምፅ ዋው ነው ኧረ ተጠቀምበት ጓዳ ለጓዳ አታርመጥምጠው አሪፍ ድምፅ አለህ በኮምፒውተር ያልታገዘ ያልተበረዘ የእግዚአብሔር ድንቅ ስጦታ ከቻልክ በዝማሬ ፈጣሪህን አመስግንበት,positive 
ወይኔ ሸሚዙ ግን ፍረደበት እየተቀያየራችሁ የምር ያበደነው አቤት ጩቤቲ, neutral 
ጩባው እንደ እኔ የሚያስቀው ግጩኝ።, neutral 
ጩቢቲ ከባድ ድምፃዊ መቶብሻል ቮካል ስሪ,positive
በጣም ደስ ይላል ትንሽ ቅር ያለኝ ዘፋኙ ሲዘፍን ቢታይ ጥሩ ነበር ። የሃና እህት ባልሳሳት ዘመን ላይ የደሞዜ ሚስት ሆና የሰራችው ናት አይደል ,positive 
በጣም ሀሪፍ ድምፅ ነው ግን ያለው,positive 
አይ ሐኒ ይህ እውነት ነው ::ስትስቂ. ስትተክጅ. ቁም ነገር. ስትሆኝ ውብ ቆንጆ ብቻ አይገልጽሽም እንዳልሽው ስውን ላለማስቀየም ትጨነቂ አለሽ ጥሩ ነው አየሽ አንችም ስው, neutral 
ምናለ ጩባው ጉረቤቴ ቢሆን ሁሌ ቀልድ እንድጠግብ,positive 
ሪፍ ነው ምንም አይልም በማየቴ አልተቆጨሁም እዮት እስቲ አፍ አውጥቼ ያቺን ነገር ልለምን በሰ የምትጀምረዋን ነገር ኮሜንት ልታነቡ መምጣታችሁ ስለማይቀር እያደረጋችሁኝ እለፉ በኮሮና ሞት ይሁንባችሁ,positive 
ምርጥ ፊልም ይመስላል እስኪ ኋላ አይቼ አስተያየት እሰጣለሁ ቻናሌን ግን, neutral 
እናመሠግናለን ሚሊዮን ቀውጢ ነህ ,positive 
የራስህ ድምፅ ከሆነ ግን .... ባህሩ ቀኜ አልሞተም ,positive
ፈጣሪ ከዝህ በሽታ ይጠብቃችሁ ከቤት አትውጡ በዛውም  ስብስክራይ አድርጉኝ አዲሱ የቻናል ነው አፍጥኑት, neutral 
ውይ ደስ ሲል ጓደኝነት ማለት እደዚህነው ጓደኞቹ ደስ ሲሉ በተለይ ጭውቴ,positive
ዛሬ እመቤቴ ቅድሰት ድንግል ማርያም ነች ቢሆንልን በለን ያሰብንውን  ሁሉ የልባችንን መሻት ትፈፀምልንአሜን, neutral 
ጩባው ውስጤ ነህ የኔ አደኛ ሚሊዬ, neutral 
የራስህ ድምፅ ከሆነ ግን .... ባህሩ ቀኜ አልሞተም ,positive 
እኔምለው ለፊልሙ አስተያየት መስጠት ትታቹ ላይክ ላይክ ምትሉት ግን ምንድነው የምታገኙት ጥቅም, neutral
ኢትዮ ውሥጥ በጣም ብዙ  የታረክ በታ እያለን የሚሠሩት ፊልሞች ሁሁ መጠጥ ቤት  ጭፈራ ቤት ሺሻ ቤት ቁማር  ሢጋራ  ከተማ ለከተማ እንደ እብድ ውሻ እየሄዱ ከከተማ ሣይወጡ ይበጫበጫሉ,negative 
በጣም አሪፍ ስራ ነው በርቱ ወገኖቼ ሰላም ፍቅር ጤና ለወገኔ ይሁን እወዳችሗለሁ ምርጥ ተዋናይ ናችሁ ታምራላችሁ,positive
ሴት መጥፎ፣ ወንድ ጀዝባ ነዉ ከማለት ሌላ ድርሰት አታቁም,negative 
ቀሽት ፊልም ነፀብራቆች ይቻማችሁ፡ ደሬ ግን ከምር ዘፋኝ ነው? አሪፍ ድምጽ አለው,positive 
አማኑኤል ያለበት ፊልም ሁሉ ይመቸኛል እስኪ እንደኔ እድናቂዎቹ የት ናችሁ,positive 
በጣም ደስ የሚል አንጀት አርስ ፊልም ነው እስቲ ከዚህ ፊልም ተማሩና አሳምራችሁ ስሩ,positive 
እንደ ዛሬ የኢትዮ ፊልም አስደስቶኝ አያውቅም,positive 
ኢትዮጵያ ለዘላለም ትኑር,positive 
እንዲህ አይነት ፊልም አይቼ አላውቅም,neutral 
ብላችሁ ታምኑኛላችሁ የማያስቅ የማስለቅስ ኮስተር ያለ ፊልም wow አቦ ይመቻችሁ ,positive 
አማኑኤል አንደኛዬ እኮ ነህ በምን ቃል ልግለፅህ,positive 
ያምራል በጣም ያላያቹህ እዩት,positive 
በጣም ከፍቶኝ እንቅልፍ እምቢ ባለኝ ሠአት ሥለመጣችሁ ዴሥ ብሎኛል, neutral 
አሪፍ ፊልም ነው እስቲ የተመቸው  ላይክ ይግጨኝ, neutral 
የሶደሬ ማስታወቅያ ናፍቀሽም ነበር ግን እኮ አሁን አረፍ ብትይ መልካም አሸን ኮረና, neutral 
ኤርሜያስ ታደሰ እውነት ትችላለህ አሪፍ እይታ ነው በር ታ ብዙ እጥብቃለን በዚህ አጋጣሚ ማሪያምዬን ስላየሁኝ ደስ አለኝ  ፈጣሪ ለአገሬ ያብቃኝ ደጀዋላይ እድቆም ያብቃኝ  አሪፍ ነው ,positive 
በኢትዮጵያ ፊልም በጣም የበሰለ ደራሲ ተዋናዮች የተጣመረበት ሚገርም ፊልም ይሄ 1ኛ ለኔ የጭንቅላት ብቃታችሁን ሳላደንቅ አላልፍም ለሌሎችም ምሳሌ ነው በሳል ፊልም ጎበዞች በርቱ,positive 
ኤጪ ማሰታወቃያዉ ይደብራል ኮረና ገብቶል እኮ የምትሉት ሁሉ መደረግ አይቺልም ጂሎቺ, neutral 
ያላያቹ እዩት አትቆጩበትም ኤርሚዬ በርታ አማንዬ የሰፈሬ የሩፋኤል ልጅ ትችላለክ ,positive 
ተሰርቆ ካዬነው እኮ ቆዬን አማንን ስለምወደው ብቻ አየዋለሁ ,positive 
አዲስ ፊልም መቷል ኑ እንሹፈው አሪፍ ይመሥላል,neutral 
1ኛ ብየዋለሁ ይሄንን ፊልም እናንተ ኮመንተሮች ግን ማዳምን መቦጨቅ ትታችሁ ስለ ፊልሙ አስታየት አሰጡም,positive 
ዋው   ኤርሚየ  በጣምነውደስየሚለው,positive 
ተለቀቀደ በጉጉትነበር    ስጠብቅየነበርው, neutral 
አማን ሰርተከዋል አይገልፀውም ቁጥር 2 ቢኖረው እንዴት እንደሚያምር ዋውውው በኢትዮጵያ ውስጥ ከተሰሩ ትንሽና ምርጥ ፊልሞች መካከል ውይ በምን ልግለፀው ኡፍፍፍፍ,positive 
ዋውውውው ይምጥብቀወ ፊልም ተለቀቀ ደሰ ይላል ውዳቺዬ የት ናችልኝ እንየወ አብረን, neutral 
ቁጭብለክ ኮምኩም ታድያ ፌልሙን ነው ሌላእዳይመስላችው ጀለስካወች, neutral 
እናመስግናለን አዳዴም ሲጨንቀን እደሀለ ነገር አይቶ ትንሽ ዘና እንበል, neutral 
ዋውውውው እንቅ ፊልም ነው የእውነት,positive 
አማንየ እኔን ግራ ግብት ያርገኝ ውይይይይ, neutral 
አሪፍነውምንምአይል, neutral 
አስተላለቁ ያስጠላል,negative 
ገራሚ ፊልም ነው ዋው,positive 
ላቅመ ፊልሙ ማዬት አልደረስኩም  እንዴ   በቤርጎቤት ሊጨርሱት ነው ተው ልደግበት,neutral 
ኢትዮጵያውያን ጋር  ምኑም እማይሄድ  ፊልም  ነው  በጣም   ከሚባለው   በላይ  ያስጠላል,negative
በጣም ከሚያስጠላ ፍልም ነው ኢዮ አይደብራቹም ዘጊዎች ,negative 
ዞላ እባብ ይዘልዝልሽ ወይ ማንዴ,negative 
ኸረ ማንዴ ጂም የሚባል ነገር አለ ምንድነዉ እንዲ መከመር ራስክን ጠብቅ ስክሪፕት ምረጥ,negative 
ማንዴላ ግን ምን ነካህ?  ድሬድ ላክስ ክብር ያለው የተፈጥሮ ጸጉር ነው ። ክብሩ ከባህታውያን ይጀምራ,negative 
 የሌባ ፡የበጬ፡የዱርዬ ፡መገለጫ ማረጋቹ ሳያንስ ደግሞ የወንድ ሸሌ መገለጫ ለማድረግ ነው? በጣም ይደብራል,negative 
በጣም ይደብራል,negative 
እረ ማንዳላ የሌለበት ፊልም የቱ ነው እጭ አሁንስ በዛ ፊልም አይመራጥም እንዴ,negative 
ወይ ማንዴላ ማትገባበት የለ, neutral 
ብልግና ማሳየቱ ለወጣቱ ጥሩ አደለም,negative 
በቃ አሪፍ ፍልም ነው ,positive 
የሚያስጠላ የወረደ ታሪክ,negative 
ትንሽ ከኛ ባህል ወጣ ያለ ነው,negative 
የጌታ መሳይ የመጨረሻዋ ፍቅረኛ ውብ ናት ,neutral 
አጨራረሱ የመጨረሻ ይደላል,positive 
ባለጌ የሆነ ፊልም ወይኔ የተሰጣቹን ሸምድዶ መዘባረቅ አይሰለችም እያደር እንጭጭ ሀሳብ ታመጣላቹ ኤጭ,negative 
የሚገርም ፊልም ነው በብዛት የሴቶችን ሀጥያት ብቻ በሚወራበት ሀገራችን ይህም እንዳሉ ግንዛቤ እንዲኖራቸው ያደርጋል እውነታ ሁሌም እውነት ነው ባለው መፍትሄ እንጂ መወቃቀስ ትርጉም የለውም,positive 
የዚህ ልጅ ቦርጭ አንገቱ ጋር ደረስ ምነው ተስተካከል የሚል ዘመድ ጏደኛ ጠፋ ?እረ እስፖርት ስራ ማንዴላ,negative 
የሆድህ የአንገትህ መጥቆር እረ ውይይ ,neutral  
ለፊልሙ እንደምትሯሯጥ ምናለ እራስህን ለመጠበቅ ብትሮጥ,neutral 
በጣም አአሪፍ ነዉ ማንዴ ,positive 
አሪፍና አስተማሪ ፊልም ነው,positive 
ፊልሙ ሀሪፍ ነበር የማስታወቂያው ብዛትና ድንገት የሚጮኸው ድምፅ ግን ይረብሻል ደሞ ዛሬ ብቻ አደለም ሁሌም ነው,positive 
ማንዴላ አድናቂህ ነኝ አንተ ያለህበት ደስ ይለኛል,positive
ባልወድሽ ኮካ ኮላ እገዛልሽ ነበር ወይ ማንዴላ, neutral 
አራዳ ፊልም ለምንድን ነው መሀል መሀል ላይ ድምፅ ቀጥ የሚልባቹ,neutral 
ለምንድን ነው አንድን ሴት አፈቅርሻለሁ እያላችሁ ሌላ የምታፈቅሩት ያቺ ከልቧ እየወደደችው የዋሻት ሌላ ወንድ ለማፍቀር ልቧ ተሰበረ ዳግም ሌላ ማቀር እንኳ አትችልም ልቧ ተሰበረ  ለምን ወንዶች,neutral 
18 አመት በታች። ማየት አይቻልም ብላችሁ ግን 18 በታች ታሰራላችሁ,negative 
ሴቶችዬ ጠንካራ ሁኑ ሽንኩርት እንጂ ወንድ ልጅ እንዳያስለቅሳቹ,neutral 
ለዚች ልጅ ጡት ማስያዣ ሚገዛላት ይጥፋ,neutral 
ትንሽዬው ልጅ ስወደው የዱር እንስሳ ጥቀስ ሴት አንበሳ  ያረጀ አንበሳ ሚጢጢዬ አንበሳ,positive 
የሚያስጠላ የወረደ ታሪክ የማይረባ መልክት ቋንቋው ባለጌ የሆነ ፊልም ወይኔ የተሰጣቹን ሸምድዶ መዘባረቅ አይሰለችም እያደር እንጭጭ ሀሳብ ታመጣላቹ ኤጭ,negative 
የሚያስጠላ የወረደ ታሪክ ኤጭ,negative 
ኤጭ,negative 
በጣም ቆንጆ አስተማሪ ፊሊም ነው,positive
እኛ የፍለግ ነው ፊልሙን ነው እንጂ ዘፍኑን አይደለም ከብት ድንጋይ አህያ ነህ እሺ,negative
በሳቅ ልሞት ነው,positive 
ሙዝዝዝዝዝዝዝዝ ነው ያልሽብኝ,negative 
ክክክክ እምባየ ጠብ እስኪል ነው የሳኩት ይመቻችሁ,positive 
ጌታችን ሆይ ሀግርችን ሰላም ፍቅር መተሳሰብ እንዴት በሀይማኖት  ብሔር የማንገጨ አድርገት,neutral 
ይሄ ፊልም ግን አድስ ነው እነኝ ሠሶች ጠፍተው ከርመው ነበር,neutral 
ዶማ ብሎ ሰላም የኛ አገር ፖለቲካ ዶማዎች እየመሩት ነው ቆፍረው የጨረሱን ,neutral 
ይሄ ሰውዬ ደሞ ሰው አግቶ አለማጠን አያቅም እንዴ,negative 
ዛሬ ነው ኮሜዲ ፊልም ያየሁት ከረጅም ግዜ በኃላ  ውይይይይ እንዴት እንዳሳቃችሁኝ ስወዳችሁ,positive 
እኔ ምለው ግን ኢሄ ሰውዬ በቃ በርበሬ በማጠን  ነው እንዴ ማስተሩን የሰራው,negative 
አንዱ ቤብዬ ስወድክ የምትሰራቸው ካራክተሮች በሚገባ ነው የምትወጣው በርቱ,positive 
በቃ ፍቅር በፊልም ብቻ ሁኖ ቀር,neutral 
ዋውውውው ብያለው ሲያምር ግን ፍቅር በፊልም ብቻ መሆን ያስጠላል በተግባር የለም,positive 
በጣም ያምራል መልካም ስራ ይጠቅማል ግን እውነት እደዚህ አለ ለፊልም ብቻ ባይሆን ጥሩ ነበር,positive 
ደሥ  ይላል  ክክክ  አይ  ኮኔረል,positive 
ምን ይሉታል በውለታ የሰውን ሚስት መውሰድ,neutral 
ከሴሰኛ ወንድ ይጠብቀን በሚስቱላይ ከሚሄድ ውሸታም ወንድ ይሰውራቹ,neutral 
ኸረረረረ እኔ የውነት መኖር አሰልችቶኛል ትንሽ የምፅናናው ፊልም ሳይ ብቻ ነው። ፊልሙ ካለቀ በኋላ ድጋሚ ይቺ አለም አናቴ ላይ ተቀምጣ ፊልሟን ትሰራብኛለች,neutral 
እልልልልልልልል የዛሬ ሳምንት ሀገሬ ልገባ ነው ተመስገንንንንንንን,neutral 
ሴትን ልጅ ለቀልድ እንኳ ቢሆን የሚሳደብ ወንድ ደስ አይለኝም ወንዶች ተጠንቀቁ እሽ ለሚሰድበን ሰው ክብር የለንም,neutral 
ከሞት እና ከአሜሪካ የሚቀር የለም አይዞቹህ ከአረብ ሀገር ወደ አሜሪካ,neutral 
ያገሬ ልጆች እንዴት ናችሁልኝ እንኳን አደረሳችሁ ለእናታችን ኪዳነ ምህረት ባላችሁበት ሰላምና ደስታችሁን ታብዛው ውድድድድ ሁላችሁንም,neutral 
ጉንፋን ሊገድለኝ ነው። ጒበዝ እስኪ። እንረዳዳመረዳዳት ባህላችን ነው,neutral 
ዋው ዛሬ ፀዳብን ስጠብቀው የነበረው ምርጥ ፊልም ,positive 
በጣም ነው የሚያስጠላው ይሄን ዝርክርክ ኑሯችሁን እዛው ኤጭ,negative 
ብሌን ማሞ ሳቅሽ ሳቄ ነው ስወድሽ,positive 
በያላችሁበት ሠላማችሁ ይብዛልኝ,neutral 
ዘ መጨነቅ ሀገራችንን ሰላም ያድርግልን,neutral 
እኳን ደና መጣችሁ ጋይስ እስኪ ድብር ብሎኛል ላይክ ግጩኝ ያው የመውለጃየ ስአት ድርሷል እ,neutral 
ጨለማ በዛበት ሲያወሩ ያለው ክላሲካል ይረብሻል,negative 
ለነገ  ይቀመጥ   አሁን  ጢኒብራየ  ዙሯል,neutral
ምድረ ከረፈፍ ደራሲ ወንድና ሴት ካልማገጡ ፊልም አትሰሩም በቃ,neutral 
ኤጭ የወድ ቻቢስቲክ ሲያስጠላ,negative 
ወይ እኔ ሰውየው ቦርጩ ነው,neutral 
እድሜ ልክ እንዲ የወረደ አዝግ ድራማ አይሰለቻችሁም? ግን አገር ውስጥ ብር ከፍሎ ይሄንን ሚያይ አለ,negative 
አይ  የዲያስፓራ ነገር  አቅየላቸው  መቼም  ባንድ  ድንጋይ  ሁለት  ወፍ  ሊበላ  አልተገኘም  እኔየገርመኝ  ጎ  ብሎ  ሲሯሯጡ ክክክ, neutral 
አሁንስ ከኮሮና እኩል እየተለቀቀ  ነው የኢትዬ  የፊልም ስራዎች ,neutral 
ብር እየተበተነላት ምድንሰዋን ልጅ ግርፍ ማርግ ነበር ስታስጠላ ጌጃ ነገር,positives 
እስኪ ምን አለበት ትውልድን የሚያድን የሚያስተምር መልክት ያለው ነገር ብሰሩ በየ ፊልሙ ላይ ሱስ ሴሰኝነት ብቻ የምታስተምሩት,negative 
በነገራችን ላይ በጉንጩ ምግብ ይዞ የሚወራ ሰዉ በጣምነው ሚጠላዉ,negative 
ግን ይች ልጅ ከጫት ከመቃም ውጭ ሌላ ካራክተር አይስጣትም እንዴ,negative 
ወይ ስተስጠሉ,negative 
መጨረሸ የሌለ ፍልም ማያት ሰለቸኝ,negative 
ቆይ ግን መጨረሸ ምን ሆኑ?????ቀልበችን አትገፈፉ, neutral 
ይቅርታ አድርጉልኝና ይህ ፌልም ምኑም አላማርኝም ወይ አያስቅ ወይ እውነተኛ ህይወት አይመስል ወይ ቁም  ነገር  አዘል የለው ግዜዬን ሳጠፋ ደግሞ,negative 
አጨራረሱ ማያምር ፊልም ያስጠላኛል በጣም ነው የተናደድኩት,negative 
ከሃገራችን እንደዚ ኣይነት ኣገር አጥፊ ነብሰ በላ የሆኑ ደላሎች ፈጣሪ ያጥፋቸው,negative 
እናታቹ ትበዳ መጨረሻዉ ምድነዉ ድሮም አማረኛ ፊልም,negative 
በቃ አለቀ ወይስ ይቀጥላል, neutral 
ዋል ወይ ሚስቶች ይሁና,neutral
እንኳን ለ2011 አደረሣችሁ አድሡ አመት,neutral
ላይክ የምትሉ አሁንሰ አበዛችሁት እዴ ፉልሙን እንይ ውይሰ የናተን  ላይክ የምቱሉትን ነገር እረ ክግርግዳው ያጋጨልኝ እዴ በዛ,neutral
ላይክ,positive
የት ከርመው ነው የአለም ዋንጫ ውድድር  አስመሰሉት ታስረው የተፈቱ አይመስልም ክክክክ ወያኔ አስሯቸው ነበር መስለኝ,negative
እህ  ኮሜት ማበብ እዲሰለቸኝ አረጉኝ እነዚህ ላይክ አረጉኝ እሚሉ ሰወቺ,neutral
እስከ አሁን ካየሁዋቸው በጣም ለየት ያለ አሪፍ ፊልም ነው,positive
ገዘብ ደስታን ጤናን አይገዘሰም  ከጎናችን ያሉትን ብናይ ስት ሰላም አለን አሪፍ ነው በርቱ,positive
አረ የቱን ትተን የቱን እንይ,positive
ዉይ እድዚህ አይነት ሀብታም አለ ሆ,positive
ድህነቴ ምን አለኝ ,neutral
እድሀ ቤት ነዉ ፍቅረ ያለ,neutral
የቱን እንስማ ሙዚቃውን ወይስ?,negative
ሙዚቃው ከሰዎቹ ድምፅ በላይ ነው። ,negative
ማሮች በባባ ሞት ሰብስክራይብ አድርጉኝ,neutral
እና የሰራሁትን እዮልኝ። በመቀጠል ስደት ለጨጓራ በሽታ እንደኔ ያጋለጠው ማነው?,neutral 
ስለዚህ በቤታችን ሀኪም ሳንሄድ በምን ቶሎ ልናስታግሰው እችላለን የሚለውን መፍትሄ ዱቅ አደርግላችሁ አለሁ። በሰብስክራይብ አግዙኝ,neutral
ዋው ምርጥ አስተማሪ የሆነ ፊልም,positive
አረፍ ነው እናመሰግናለን,positive
ለደራሲው ለአቤል ሀጎስ ትልቅ ክብር ይገባል!ምርጥ ድርሰት ነው,positive
ለመላው የእስልምና እምነት ተከታዮች ዒድ ሙባረክ,neutral
